,x0,y0,x1,y1,x2,y2,x3,y3,x4,y4,vx0,vy0,vx1,vy1,vx2,vy2,vx3,vy3,vx4,vy4,average spacing,time_sin,time_cos,label
0,0.0,0.0,5.0,2.0,10.0,4.0,15.0,2.0,20.0,0.0,0.0,0.0,0.0,0.0,0.0,0.0,0.0,0.0,0.0,0.0,10.334681035791913,0.0,1.0,0
1,0.0098,0.1,5.0098,2.1,9.9902,4.1,14.9902,2.1,19.9902,0.1,0.98,10.0,0.98,10.0,-0.98,10.0,-0.98,10.0,-0.98,10.0,10.334681035791913,0.06279051952931337,0.9980267284282716,0
2,0.0294,0.2,5.0294,2.2,9.9902,4.199999999999999,14.9706,2.2,19.9706,0.2,1.96,10.0,1.96,10.0,0.0,10.0,-1.96,10.0,-1.96,10.0,10.323236578242687,0.12533323356430426,0.9921147013144779,0
3,0.0588,0.30000000000000004,5.0588,2.3000000000000003,10.0,4.299999999999999,14.941199999999998,2.3000000000000003,19.941200000000002,0.30000000000000004,2.94,10.0,2.94,10.0,0.98,10.0,-2.94,10.0,-2.94,10.0,10.300349419057168,0.1873813145857246,0.9822872507286887,0
4,0.098,0.4,5.098,2.4000000000000004,10.0,4.399999999999999,14.902,2.4000000000000004,19.902,0.4,3.92,10.0,3.92,10.0,0.0,10.0,-3.92,10.0,-3.92,10.0,10.266024589118059,0.2486898871648548,0.9685831611286311,0
5,0.14700000000000002,0.5,5.147,2.5000000000000004,9.9902,4.499999999999998,14.853,2.5000000000000004,19.853,0.5,4.9,10.0,4.9,10.0,-0.98,10.0,-4.9,10.0,-4.9,10.0,10.220270533251481,0.3090169943749474,0.9510565162951535,0
6,0.20580000000000004,0.6,5.2058,2.6000000000000005,9.9902,4.599999999999998,14.7942,2.6000000000000005,19.7942,0.6,5.880000000000001,10.0,5.880000000000001,10.0,0.0,10.0,-5.880000000000001,10.0,-5.880000000000001,10.0,10.163097786063435,0.3681245526846779,0.9297764858882515,0
7,0.27440000000000003,0.7,5.2744,2.7000000000000006,10.0,4.6999999999999975,14.7256,2.7000000000000006,19.7256,0.7,6.860000000000001,10.0,6.860000000000001,10.0,0.98,10.0,-6.860000000000001,10.0,-6.860000000000001,10.0,10.094519139589938,0.42577929156507266,0.9048270524660196,0
8,0.35280000000000006,0.7999999999999999,5.3528,2.8000000000000007,10.0196,4.799999999999997,14.6472,2.8000000000000007,19.6472,0.7999999999999999,7.840000000000002,10.0,7.840000000000002,10.0,1.96,10.0,-7.840000000000002,10.0,-7.840000000000002,10.0,10.014551494149952,0.4817536741017153,0.8763066800438636,0
9,0.44100000000000006,0.8999999999999999,5.441,2.900000000000001,10.045922645698319,4.899999999999997,14.559,2.900000000000001,19.559,0.8999999999999999,8.820000000000002,10.0,8.820000000000002,10.0,2.632264569831798,10.0,-8.820000000000002,10.0,-8.820000000000002,10.0,9.923218088446419,0.5358267949789967,0.8443279255020151,0
10,0.5390000000000001,0.9999999999999999,5.539,3.000000000000001,10.082045291396637,4.9999999999999964,14.460999999999999,3.000000000000001,19.461000000000002,0.9999999999999999,9.800000000000002,10.0,9.800000000000002,10.0,3.612264569831798,10.0,-9.800000000000002,10.0,-9.800000000000002,10.0,9.8205481761248,0.5877852522924731,0.8090169943749475,0
11,0.6390000000000001,1.0999999999999999,5.638999999999999,3.100000000000001,10.108367937094956,5.099999999999996,14.360999999999999,3.100000000000001,19.361,1.0999999999999999,10.0,10.0,10.0,10.0,2.632264569831798,10.0,-10.0,10.0,-10.0,10.0,9.706580195093014,0.6374239897486896,0.7705132427757893,0
12,0.7390000000000001,1.2,5.738999999999999,3.200000000000001,10.133688149506176,5.199999999999996,14.261,3.200000000000001,19.261,1.2,10.0,10.0,10.0,10.0,2.532021241121993,10.0,-10.0,10.0,-10.0,10.0,9.590398585262697,0.6845471059286886,0.7289686274214116,0
13,0.8390000000000001,1.3,5.838999999999999,3.300000000000001,10.149208361917395,5.299999999999995,14.161,3.300000000000001,19.160999999999998,1.3,10.0,10.0,10.0,10.0,1.552021241121993,10.0,-10.0,10.0,-10.0,10.0,9.47434048689655,0.7289686274214116,0.6845471059286886,0
14,0.9390000000000001,1.4000000000000001,5.938999999999998,3.4000000000000012,10.171752212353875,5.399999999999995,14.061,3.4000000000000012,19.060999999999996,1.4000000000000001,10.0,10.0,10.0,10.0,2.2543850436479915,10.0,-10.0,10.0,-10.0,10.0,9.358396534134569,0.7705132427757893,0.6374239897486897,0
15,1.0390000000000001,1.5000000000000002,6.038999999999998,3.5000000000000013,10.190739463671283,5.499999999999995,13.961,3.5000000000000013,18.960999999999995,1.5000000000000002,10.0,10.0,10.0,10.0,1.8987251317409126,10.0,-10.0,10.0,-10.0,10.0,9.242598939763365,0.8090169943749473,0.5877852522924732,0
16,1.1390000000000002,1.6000000000000003,6.138999999999998,3.6000000000000014,10.199926714988692,5.599999999999994,13.861,3.6000000000000014,18.860999999999994,1.6000000000000003,10.0,10.0,10.0,10.0,0.9187251317409126,10.0,-10.0,10.0,-10.0,10.0,9.126937040534372,0.8443279255020151,0.5358267949789965,0
17,1.2390000000000003,1.7000000000000004,6.238999999999997,3.7000000000000015,10.1993139663061,5.699999999999994,13.761000000000001,3.7000000000000015,18.760999999999992,1.7000000000000004,10.0,10.0,10.0,10.0,-0.061274868259087345,10.0,-10.0,10.0,-10.0,10.0,9.011398421542825,0.8763066800438637,0.48175367410171516,0
18,1.3390000000000004,1.8000000000000005,6.338999999999997,3.8000000000000016,10.18890121762351,5.799999999999994,13.661000000000001,3.8000000000000016,18.66099999999999,1.8000000000000005,10.0,10.0,10.0,10.0,-1.0412748682590873,10.0,-10.0,10.0,-10.0,10.0,8.895983672323188,0.9048270524660196,0.42577929156507266,0
19,1.4390000000000005,1.9000000000000006,6.4389999999999965,3.9000000000000017,10.16868846894092,5.899999999999993,13.561000000000002,3.9000000000000017,18.56099999999999,1.9000000000000006,10.0,10.0,10.0,10.0,-2.0212748682590873,10.0,-10.0,10.0,-10.0,10.0,8.780696874157577,0.9297764858882513,0.3681245526846781,0
20,1.5390000000000006,2.0000000000000004,6.538999999999996,4.000000000000002,10.147116894843625,5.999999999999993,13.461000000000002,4.000000000000002,18.460999999999988,2.0000000000000004,10.0,10.0,10.0,10.0,-2.1571574097293653,10.0,-10.0,10.0,-10.0,10.0,8.665546625881518,0.9510565162951535,0.30901699437494745,0
21,1.6390000000000007,2.1000000000000005,6.638999999999996,4.100000000000001,10.132888048095332,6.0999999999999925,13.361000000000002,4.100000000000001,18.360999999999986,2.1000000000000005,10.0,10.0,10.0,10.0,-1.422884674829306,10.0,-10.0,10.0,-10.0,10.0,8.550567139841245,0.9685831611286311,0.24868988716485474,0
22,1.7390000000000008,2.2000000000000006,6.738999999999995,4.200000000000001,10.128459201347038,6.199999999999992,13.261000000000003,4.200000000000001,18.260999999999985,2.2000000000000006,10.0,10.0,10.0,10.0,-0.44288467482930605,10.0,-10.0,10.0,-10.0,10.0,8.43578917780513,0.9822872507286886,0.18738131458572474,0
23,1.8390000000000009,2.3000000000000007,6.838999999999995,4.300000000000001,10.114230354598744,6.299999999999992,13.161000000000003,4.300000000000001,18.160999999999984,2.3000000000000007,10.0,10.0,10.0,10.0,-1.422884674829306,10.0,-10.0,10.0,-10.0,10.0,8.32122698391214,0.9921147013144778,0.12533323356430448,0
24,1.939000000000001,2.400000000000001,6.938999999999995,4.4,10.10980150785045,6.3999999999999915,13.061000000000003,4.4,18.060999999999982,2.400000000000001,10.0,10.0,10.0,10.0,-0.44288467482930605,10.0,-10.0,10.0,-10.0,10.0,8.206846123137968,0.9980267284282716,0.06279051952931353,0
25,2.039000000000001,2.500000000000001,7.038999999999994,4.5,10.095572661102157,6.499999999999991,12.961000000000004,4.5,17.96099999999998,2.500000000000001,10.0,10.0,10.0,10.0,-1.422884674829306,10.0,-10.0,10.0,-10.0,10.0,8.09270400374206,1.0,6.123233995736766e-17,0
26,2.139000000000001,2.600000000000001,7.138999999999994,4.6,10.07514989300264,6.599999999999991,12.861000000000004,4.6,17.86099999999998,2.600000000000001,10.0,10.0,10.0,10.0,-2.0422768099516047,10.0,-10.0,10.0,-10.0,10.0,7.978769736447579,0.9980267284282716,-0.0627905195293134,0
27,2.239000000000001,2.700000000000001,7.238999999999994,4.699999999999999,10.064527124903124,6.69999999999999,12.761000000000005,4.699999999999999,17.760999999999978,2.700000000000001,10.0,10.0,10.0,10.0,-1.0622768099516047,10.0,-10.0,10.0,-10.0,10.0,7.865069439117062,0.9921147013144779,-0.12533323356430415,0
28,2.3390000000000013,2.800000000000001,7.338999999999993,4.799999999999999,10.044104356803608,6.79999999999999,12.661000000000005,4.799999999999999,17.660999999999976,2.800000000000001,10.0,10.0,10.0,10.0,-2.0422768099516047,10.0,-10.0,10.0,-10.0,10.0,7.7516488738770475,0.9822872507286887,-0.1873813145857246,0
29,2.4390000000000014,2.9000000000000012,7.438999999999993,4.899999999999999,10.017015461195989,6.89999999999999,12.561000000000005,4.899999999999999,17.560999999999975,2.9000000000000012,10.0,10.0,10.0,10.0,-2.7088895607619876,10.0,-10.0,10.0,-10.0,10.0,7.638492542772778,0.9685831611286311,-0.24868988716485485,0
30,2.5390000000000015,3.0000000000000013,7.538999999999993,4.999999999999998,9.999726565588368,6.999999999999989,12.461000000000006,4.999999999999998,17.460999999999974,3.0000000000000013,10.0,10.0,10.0,10.0,-1.7288895607619876,10.0,-10.0,10.0,-10.0,10.0,7.525634651317342,0.9510565162951536,-0.3090169943749471,0
31,2.6390000000000016,3.1000000000000014,7.638999999999992,5.099999999999998,9.992237669980748,7.099999999999989,12.361000000000006,5.099999999999998,17.360999999999972,3.1000000000000014,10.0,10.0,10.0,10.0,-0.7488895607619876,10.0,-10.0,10.0,-10.0,10.0,7.413108011758881,0.9297764858882515,-0.36812455268467775,0
32,2.7390000000000017,3.2000000000000015,7.738999999999992,5.1999999999999975,9.974948774373127,7.199999999999989,12.261000000000006,5.1999999999999975,17.26099999999997,3.2000000000000015,10.0,10.0,10.0,10.0,-1.7288895607619876,10.0,-10.0,10.0,-10.0,10.0,7.300921062805633,0.9048270524660195,-0.4257792915650727,0
33,2.8390000000000017,3.3000000000000016,7.8389999999999915,5.299999999999997,9.967459878765506,7.299999999999988,12.161000000000007,5.299999999999997,17.16099999999997,3.3000000000000016,10.0,10.0,10.0,10.0,-0.7488895607619876,10.0,-10.0,10.0,-10.0,10.0,7.189100390856419,0.8763066800438635,-0.48175367410171543,0
34,2.939000000000002,3.4000000000000017,7.938999999999991,5.399999999999997,9.967459878765506,7.399999999999988,12.061000000000007,5.399999999999997,17.060999999999968,3.4000000000000017,10.0,10.0,10.0,10.0,0.0,10.0,-10.0,10.0,-10.0,10.0,7.07766049963151,0.844327925502015,-0.5358267949789969,0
35,3.039000000000002,3.5000000000000018,8.03899999999999,5.4999999999999964,9.957659878765506,7.499999999999988,11.961000000000007,5.4999999999999964,16.960999999999967,3.5000000000000018,10.0,10.0,10.0,10.0,-0.98,10.0,-10.0,10.0,-10.0,10.0,6.966621686707637,0.8090169943749475,-0.587785252292473,0
36,3.139000000000002,3.600000000000002,8.13899999999999,5.599999999999996,9.957659878765506,7.599999999999987,11.861000000000008,5.599999999999996,16.860999999999965,3.600000000000002,10.0,10.0,10.0,10.0,0.0,10.0,-10.0,10.0,-10.0,10.0,6.856035703244717,0.7705132427757893,-0.6374239897486897,0
37,3.239000000000002,3.700000000000002,8.22919999999999,5.699999999999996,9.947859878765506,7.699999999999987,11.761000000000008,5.699999999999996,16.760999999999964,3.700000000000002,10.0,10.0,9.02,10.0,-0.98,10.0,-10.0,10.0,-10.0,10.0,6.745903258404344,0.7289686274214114,-0.6845471059286887,0
38,3.339000000000002,3.800000000000002,8.32919999999999,5.799999999999995,9.947859878765506,7.7999999999999865,11.665638725734457,5.799999999999995,16.660999999999962,3.800000000000002,10.0,10.0,10.0,10.0,0.0,10.0,-9.536127426555156,10.0,-10.0,10.0,6.6379567339081005,0.6845471059286888,-0.7289686274214113,0
39,3.4390000000000023,3.900000000000002,8.42919999999999,5.899999999999995,9.957659878765506,7.899999999999986,11.580077451468906,5.899999999999995,16.56099999999996,3.900000000000002,10.0,10.0,10.0,10.0,0.98,10.0,-8.556127426555156,10.0,-10.0,10.0,6.529626858820132,0.6374239897486899,-0.7705132427757891,0
40,3.5390000000000024,4.000000000000002,8.529199999999989,5.999999999999995,9.977259878765507,7.999999999999986,11.504316177203355,5.999999999999995,16.46099999999996,4.000000000000002,10.0,10.0,10.0,10.0,1.96,10.0,-7.576127426555155,10.0,-10.0,10.0,6.4234612588499855,0.5877852522924732,-0.8090169943749473,0
41,3.6390000000000025,4.100000000000001,8.629199999999988,6.099999999999994,9.987059878765507,8.099999999999985,11.418754902937804,6.099999999999994,16.360999999999958,4.100000000000001,10.0,10.0,10.0,10.0,0.98,10.0,-8.556127426555156,10.0,-10.0,10.0,6.319428012580233,0.535826794978997,-0.8443279255020149,0
42,3.7390000000000025,4.200000000000001,8.729199999999988,6.199999999999994,10.006659878765507,8.199999999999985,11.342993628672254,6.199999999999994,16.260999999999957,4.200000000000001,10.0,10.0,10.0,10.0,1.96,10.0,-7.576127426555155,10.0,-10.0,10.0,6.214351449641028,0.4817536741017152,-0.8763066800438636,0
43,3.8390000000000026,4.300000000000001,8.819399999999987,6.299999999999994,10.016459878765508,8.299999999999985,11.267469595445487,6.299999999999994,16.160999999999955,4.300000000000001,10.0,10.0,9.02,10.0,0.98,10.0,-7.5524033226767155,10.0,-10.0,10.0,6.111430499926507,0.4257792915650729,-0.9048270524660194,0
44,3.9390000000000027,4.4,8.908459030360225,6.399999999999993,10.035053845018462,8.399999999999984,11.20174556221872,6.399999999999993,16.060999999999954,4.4,10.0,10.0,8.905903036023844,10.0,1.8593966252954135,10.0,-6.572403322676715,10.0,-10.0,10.0,6.010676087260032,0.36812455268467814,-0.9297764858882513,0
45,4.039000000000002,4.5,8.987718060720464,6.499999999999993,10.043847811271416,8.499999999999984,11.126221528991953,6.499999999999993,15.960999999999954,4.5,10.0,10.0,7.925903036023843,10.0,0.8793966252954135,10.0,-7.5524033226767155,10.0,-10.0,10.0,5.912166583367664,0.3090169943749475,-0.9510565162951535,0
46,4.139000000000002,4.6,9.076777091080702,6.5999999999999925,10.06244177752437,8.599999999999984,11.060497495765187,6.5999999999999925,15.860999999999954,4.6,10.0,10.0,8.905903036023844,10.0,1.8593966252954135,10.0,-6.572403322676715,10.0,-10.0,10.0,5.814192768868523,0.24868988716485524,-0.968583161128631,0
47,4.239000000000002,4.699999999999999,9.156036121440941,6.699999999999992,10.071235743777324,8.699999999999983,10.98497346253842,6.699999999999992,15.760999999999955,4.699999999999999,10.0,10.0,7.925903036023843,10.0,0.8793966252954135,10.0,-7.5524033226767155,10.0,-10.0,10.0,5.716797085737301,0.18738131458572457,-0.9822872507286887,0
48,4.339000000000001,4.799999999999999,9.245095151801179,6.799999999999992,10.089829710030278,8.799999999999983,10.919249429311654,6.799999999999992,15.660999999999955,4.799999999999999,10.0,10.0,8.905903036023844,10.0,1.8593966252954135,10.0,-6.572403322676715,10.0,-10.0,10.0,5.619989364282657,0.12533323356430454,-0.9921147013144778,0
49,4.439000000000001,4.899999999999999,9.324354182161418,6.8999999999999915,10.098623676283232,8.899999999999983,10.8475292928695,6.8999999999999915,15.560999999999956,4.899999999999999,10.0,10.0,7.925903036023843,10.0,0.8793966252954135,10.0,-7.172013644215325,10.0,-10.0,10.0,5.52382129992568,0.06279051952931358,-0.9980267284282716,0
50,4.539000000000001,4.999999999999998,9.406000111447826,6.999999999999991,10.117217642536186,8.999999999999982,10.785609156427348,6.999999999999991,15.460999999999956,4.999999999999998,10.0,10.0,8.164592928640726,10.0,1.8593966252954135,10.0,-6.192013644215326,10.0,-10.0,10.0,5.428821706592158,1.2246467991473532e-16,-1.0,0
51,4.639,5.099999999999998,9.477846040734233,7.099999999999991,10.12601160878914,9.099999999999982,10.713889019985196,7.099999999999991,15.360999999999956,5.099999999999998,10.0,10.0,7.1845929286407255,10.0,0.8793966252954135,10.0,-7.172013644215326,10.0,-10.0,10.0,5.335505087179072,-0.06279051952931335,-0.9980267284282716,0
52,4.739,5.1999999999999975,9.559491970020641,7.19999999999999,10.144605575042094,9.199999999999982,10.651968883543043,7.19999999999999,15.260999999999957,5.1999999999999975,10.0,10.0,8.164592928640726,10.0,1.8593966252954135,10.0,-6.192013644215326,10.0,-10.0,10.0,5.242810440985201,-0.12533323356430429,-0.9921147013144779,0
53,4.8389999999999995,5.299999999999997,9.638469961505141,7.29999999999999,10.172999541295049,9.299999999999981,10.59984874710089,7.29999999999999,15.160999999999957,5.299999999999997,10.0,10.0,7.89779914844995,10.0,2.8393966252954135,10.0,-5.212013644215325,10.0,-10.0,10.0,5.150805370381923,-0.18738131458572477,-0.9822872507286886,0
54,4.938999999999999,5.399999999999997,9.70764795298964,7.39999999999999,10.191593507548003,9.39999999999998,10.537928610658737,7.39999999999999,15.060999999999957,5.399999999999997,10.0,10.0,6.91779914844995,10.0,1.8593966252954135,10.0,-6.192013644215326,10.0,-10.0,10.0,5.06111347000415,-0.24868988716485457,-0.9685831611286312,0
55,5.038999999999999,5.4999999999999964,9.76702594447414,7.499999999999989,10.200387473800957,9.49999999999998,10.485808474216583,7.499999999999989,14.960999999999958,5.4999999999999964,10.0,10.0,5.937799148449949,10.0,0.8793966252954135,10.0,-5.212013644215325,10.0,-10.0,10.0,4.972045646844944,-0.3090169943749473,-0.9510565162951536,0
56,5.1389999999999985,5.599999999999996,9.81660393595864,7.599999999999989,10.19938144005391,9.59999999999998,10.44348833777443,7.599999999999989,14.860999999999958,5.599999999999996,10.0,10.0,4.957799148449949,10.0,-0.10060337470458647,10.0,-4.232013644215325,10.0,-10.0,10.0,4.885890263964455,-0.3681245526846779,-0.9297764858882515,0
57,5.238999999999998,5.699999999999996,9.856381927443138,7.699999999999989,10.208175406306864,9.69999999999998,10.410968201332276,7.699999999999989,14.760999999999958,5.699999999999996,10.0,10.0,3.977799148449949,10.0,0.8793966252954135,10.0,-3.252013644215325,10.0,-10.0,10.0,4.802475852091183,-0.42577929156507227,-0.9048270524660197,0
58,5.338999999999998,5.799999999999995,9.886359918927637,7.799999999999988,10.207169372559818,9.79999999999998,10.368648064890122,7.799999999999988,14.660999999999959,5.799999999999995,10.0,10.0,2.997799148449949,10.0,-0.10060337470458647,10.0,-4.232013644215325,10.0,-10.0,10.0,4.721862684270617,-0.4817536741017154,-0.8763066800438636,0
59,5.438999999999997,5.899999999999995,9.926137910412136,7.899999999999988,10.215963338812772,9.899999999999979,10.336127928447969,7.899999999999988,14.560999999999959,5.899999999999995,10.0,10.0,3.977799148449949,10.0,0.8793966252954135,10.0,-3.252013644215325,10.0,-10.0,10.0,4.641592763501854,-0.5358267949789964,-0.8443279255020152,0
60,5.538999999999997,5.999999999999995,9.975715901896635,7.999999999999988,10.234557305065726,9.999999999999979,10.313407792005815,7.999999999999988,14.46099999999996,5.999999999999995,10.0,10.0,4.957799148449949,10.0,1.8593966252954135,10.0,-2.272013644215325,10.0,-10.0,10.0,4.561766162482816,-0.5877852522924727,-0.8090169943749478,0
61,5.638999999999997,6.099999999999994,10.015493893381134,8.099999999999987,10.24335127131868,10.099999999999978,10.280887655563662,8.099999999999987,14.36099999999996,6.099999999999994,10.0,10.0,3.977799148449949,10.0,0.8793966252954135,10.0,-3.252013644215325,10.0,-10.0,10.0,4.482408689704103,-0.6374239897486896,-0.7705132427757893,0
62,5.738999999999996,6.199999999999994,10.045471884865632,8.199999999999987,10.242345237571634,10.199999999999978,10.258167519121509,8.199999999999987,14.26099999999996,6.199999999999994,10.0,10.0,2.997799148449949,10.0,-0.10060337470458647,10.0,-2.272013644215325,10.0,-10.0,10.0,4.403435459011142,-0.6845471059286884,-0.7289686274214119,0
63,5.838999999999996,6.299999999999994,10.065649876350133,8.299999999999986,10.231539203824587,10.299999999999978,10.225647382679355,8.299999999999986,14.16099999999996,6.299999999999994,10.0,10.0,2.017799148449949,10.0,-1.0806033747045865,10.0,-3.252013644215325,10.0,-10.0,10.0,4.326854031462285,-0.7289686274214116,-0.6845471059286886,0
64,5.938999999999996,6.399999999999993,10.087709652333885,8.399999999999986,10.23053317007754,10.399999999999977,10.202927246237202,8.399999999999986,14.06099999999996,6.399999999999993,10.0,10.0,2.2059775983751946,10.0,-0.10060337470458647,10.0,-2.272013644215325,10.0,-10.0,10.0,4.250603035551509,-0.7705132427757894,-0.6374239897486895,0
65,6.038999999999995,6.499999999999993,10.099969428317637,8.499999999999986,10.219727136330494,10.499999999999977,10.174283369813233,8.499999999999986,13.960999999999961,6.499999999999993,10.0,10.0,1.2259775983751946,10.0,-1.0806033747045865,10.0,-2.8643876423968555,10.0,-10.0,10.0,4.175662038649237,-0.8090169943749473,-0.5877852522924732,0
66,6.138999999999995,6.5999999999999925,10.102429204301389,8.599999999999985,10.218721102583448,10.599999999999977,10.155439493389265,8.599999999999985,13.860999999999962,6.5999999999999925,10.0,10.0,0.24597759837519462,10.0,-0.10060337470458647,10.0,-1.8843876423968555,10.0,-10.0,10.0,4.101443465807318,-0.8443279255020153,-0.5358267949789963,0
67,6.2389999999999946,6.699999999999992,10.114688980285141,8.699999999999985,10.227515068836402,10.699999999999976,10.146395616965297,8.699999999999985,13.760999999999962,6.699999999999992,10.0,10.0,1.2259775983751946,10.0,0.8793966252954135,10.0,-0.9043876423968555,10.0,-10.0,10.0,4.0297424007323475,-0.8763066800438636,-0.48175367410171527,0
68,6.338999999999994,6.799999999999992,10.117148756268893,8.799999999999985,10.227515068836402,10.799999999999976,10.146395616965297,8.799999999999985,13.660999999999962,6.799999999999992,10.0,10.0,0.24597759837519462,10.0,0.0,10.0,0.0,10.0,-10.0,10.0,3.958507959461339,-0.9048270524660198,-0.42577929156507216,0
69,6.438999999999994,6.8999999999999915,10.109808532252645,8.899999999999984,10.217715068836402,10.899999999999975,10.136595616965296,8.899999999999984,13.560999999999963,6.8999999999999915,10.0,10.0,-0.7340224016248054,10.0,-0.98,10.0,-0.98,10.0,-10.0,10.0,3.8894685528862416,-0.9297764858882515,-0.3681245526846778,0
70,6.5389999999999935,6.999999999999991,10.109808532252645,8.999999999999984,10.217715068836402,10.999999999999975,10.136595616965296,8.999999999999984,13.460999999999963,6.999999999999991,10.0,10.0,0.0,10.0,0.0,10.0,0.0,10.0,-10.0,10.0,3.8207777296411534,-0.9510565162951535,-0.30901699437494756,0
71,6.638999999999993,7.099999999999991,10.100008532252644,9.099999999999984,10.207915068836401,11.099999999999975,10.126795616965296,9.099999999999984,13.360999999999963,7.099999999999991,10.0,10.0,-0.98,10.0,-0.98,10.0,-0.98,10.0,-10.0,10.0,3.752859459036796,-0.9685831611286312,-0.24868988716485443,0
72,6.738999999999993,7.19999999999999,10.080408532252644,9.199999999999983,10.1883150688364,11.199999999999974,10.107195616965296,9.199999999999983,13.260999999999964,7.19999999999999,10.0,10.0,-1.96,10.0,-1.96,10.0,-1.96,10.0,-10.0,10.0,3.685331784841727,-0.9822872507286887,-0.18738131458572463,0
73,6.838999999999992,7.29999999999999,10.070608532252644,9.299999999999983,10.170412131423587,11.299999999999974,10.097395616965295,9.299999999999983,13.160999999999964,7.29999999999999,10.0,10.0,-0.98,10.0,-1.790293741281289,10.0,-0.98,10.0,-10.0,10.0,3.6182232298374415,-0.9921147013144778,-0.1253332335643046,0
74,6.938999999999992,7.39999999999999,10.070608532252644,9.399999999999983,10.158846802826458,11.399999999999974,10.097395616965295,9.399999999999983,13.060999999999964,7.39999999999999,10.0,10.0,0.0,10.0,-1.156532859712949,10.0,0.0,10.0,-10.0,10.0,3.551598685905175,-0.9980267284282716,-0.06279051952931321,0
75,7.038999999999992,7.499999999999989,10.080408532252644,9.499999999999982,10.15708147422933,11.499999999999973,10.107195616965296,9.499999999999982,12.960999999999965,7.499999999999989,10.0,10.0,0.98,10.0,-0.17653285971294896,10.0,0.98,10.0,-10.0,10.0,3.4855545522937676,-1.0,-1.8369701987210297e-16,0
76,7.138999999999991,7.599999999999989,10.080408532252644,9.599999999999982,10.1455161456322,11.599999999999973,10.107195616965296,9.599999999999982,12.860999999999965,7.599999999999989,10.0,10.0,0.0,10.0,-1.156532859712949,10.0,0.0,10.0,-10.0,10.0,3.4201719774191295,-0.9980267284282716,0.06279051952931283,0
77,7.238999999999991,7.699999999999989,10.070608532252644,9.699999999999982,10.143750817035071,11.699999999999973,10.116995616965296,9.699999999999982,12.760999999999965,7.699999999999989,10.0,10.0,-0.98,10.0,-0.17653285971294896,10.0,0.98,10.0,-10.0,10.0,3.3553458313312134,-0.9921147013144779,0.12533323356430423,0
78,7.338999999999991,7.799999999999988,10.070608532252644,9.799999999999981,10.151785488437943,11.799999999999972,10.136595616965296,9.799999999999981,12.660999999999966,7.799999999999988,10.0,10.0,0.0,10.0,0.803467140287051,10.0,1.96,10.0,-10.0,10.0,3.2932472964594113,-0.9822872507286887,0.18738131458572427,0
79,7.43899999999999,7.899999999999988,10.060808532252643,9.89999999999998,10.151785488437943,11.899999999999972,10.146395616965297,9.89999999999998,12.560999999999966,7.899999999999988,10.0,10.0,-0.98,10.0,0.0,10.0,0.98,10.0,-10.0,10.0,3.2319310622705815,-0.9685831611286311,0.24868988716485493,0
80,7.53899999999999,7.999999999999988,10.041208532252643,9.99999999999998,10.141985488437943,11.999999999999972,10.146395616965297,9.99999999999998,12.460999999999967,7.999999999999988,10.0,10.0,-1.96,10.0,-0.98,10.0,0.0,10.0,-10.0,10.0,3.1712914375691748,-0.9510565162951536,0.30901699437494723,0
81,7.63899999999999,8.099999999999987,10.011808532252642,10.09999999999998,10.122385488437942,12.099999999999971,10.146395616965297,10.09999999999998,12.360999999999967,8.099999999999987,10.0,10.0,-2.94,10.0,-1.96,10.0,0.0,10.0,-10.0,10.0,3.1113428867659185,-0.9297764858882516,0.3681245526846774,0
82,7.738999999999989,8.199999999999987,9.992208532252642,10.19999999999998,10.112585488437942,12.19999999999997,10.156195616965297,10.19999999999998,12.270799999999968,8.199999999999987,10.0,10.0,-1.96,10.0,-0.98,10.0,0.98,10.0,-9.02,10.0,3.05316859844801,-0.9048270524660199,0.4257792915650718,0
83,7.8291999999999895,8.299999999999986,9.962808532252641,10.29999999999998,10.092985488437941,12.29999999999997,10.156195616965297,10.29999999999998,12.170799999999968,8.299999999999986,9.02,10.0,-2.94,10.0,-1.96,10.0,0.0,10.0,-10.0,10.0,2.998875092673866,-0.8763066800438634,0.4817536741017157,0
84,7.929199999999989,8.399999999999986,9.94320853225264,10.399999999999979,10.083185488437941,12.39999999999997,10.165995616965297,10.399999999999979,12.080599999999968,8.399999999999986,10.0,10.0,-1.96,10.0,-0.98,10.0,0.98,10.0,-9.02,10.0,2.9454560859397705,-0.844327925502015,0.5358267949789968,0
85,8.029199999999989,8.499999999999986,9.93340853225264,10.499999999999979,10.083185488437941,12.49999999999997,10.185595616965298,10.499999999999979,12.00019999999997,8.499999999999986,10.0,10.0,-0.98,10.0,0.0,10.0,1.96,10.0,-8.04,10.0,2.8929646308827133,-0.8090169943749476,0.5877852522924729,0
86,8.129199999999988,8.599999999999985,9.93340853225264,10.599999999999978,10.092985488437941,12.59999999999997,10.214995616965298,10.599999999999978,11.923504471169245,8.599999999999985,10.0,10.0,0.0,10.0,0.98,10.0,2.94,10.0,-7.669552883072482,10.0,2.8442769434183166,-0.7705132427757896,0.6374239897486893,0
87,8.229199999999988,8.699999999999985,9.92360853225264,10.699999999999978,10.092985488437941,12.699999999999969,10.237088833916497,10.699999999999978,11.837008942338521,8.699999999999985,10.0,10.0,-0.98,10.0,0.0,10.0,2.2093216951197423,10.0,-8.649552883072483,10.0,2.797608320265769,-0.7289686274214121,0.684547105928688,0
88,8.329199999999988,8.799999999999985,9.90400853225264,10.799999999999978,10.083185488437941,12.799999999999969,10.249382050867695,10.799999999999978,11.740713413507796,8.799999999999985,10.0,10.0,-1.96,10.0,-0.98,10.0,1.2293216951197423,10.0,-9.629552883072483,10.0,2.749454781726279,-0.684547105928689,0.7289686274214112,1
89,8.429199999999987,8.899999999999984,9.89420853225264,10.899999999999977,10.083185488437941,12.899999999999968,10.271475267818893,10.899999999999977,11.654217884677072,8.899999999999984,10.0,10.0,-0.98,10.0,0.0,10.0,2.2093216951197423,10.0,-8.649552883072483,10.0,2.6997653511673763,-0.6374239897486896,0.7705132427757894,1
90,8.529199999999987,8.999999999999984,9.87627999447367,10.999999999999977,10.083185488437941,12.999999999999968,10.283768484770091,10.999999999999977,11.557922355846348,8.999999999999984,10.0,10.0,-1.792853777896993,10.0,0.0,10.0,1.2293216951197423,10.0,-9.629552883072483,10.0,2.6539910338484223,-0.5877852522924734,0.8090169943749473,1
91,8.629199999999987,9.099999999999984,9.8681514566947,11.099999999999977,10.07338548843794,13.099999999999968,10.294186732344357,11.099999999999977,11.457922355846348,9.099999999999984,10.0,10.0,-0.8128537778969931,10.0,-0.98,10.0,1.0418247574267134,10.0,-10.0,10.0,2.6067684892070178,-0.5358267949789971,0.8443279255020147,1
92,8.719399999999986,9.199999999999983,9.850222918915732,11.199999999999976,10.05378548843794,13.199999999999967,10.294804979918625,11.199999999999976,11.357922355846348,9.199999999999983,9.02,10.0,-1.792853777896993,10.0,-1.96,10.0,0.06182475742671345,10.0,-10.0,10.0,2.5586781426529273,-0.4817536741017161,0.8763066800438631,1
93,8.799799999999985,9.299999999999983,9.822494381136762,11.299999999999976,10.02438548843794,13.299999999999967,10.285623227492893,11.299999999999976,11.257922355846349,9.299999999999983,8.04,10.0,-2.772853777896993,10.0,-2.94,10.0,-0.9181752425732865,10.0,-10.0,10.0,2.514497800234945,-0.425779291565073,0.9048270524660194,1
94,8.876137405446363,9.399999999999983,9.785590219740333,11.399999999999975,9.997636397322614,13.399999999999967,10.26664147506716,11.399999999999975,11.157922355846349,9.399999999999983,7.633740544637691,10.0,-3.6904161396428634,10.0,-2.6749091115325307,10.0,-1.8981752425732865,10.0,-10.0,10.0,2.474098589363991,-0.36812455268467786,0.9297764858882515,1
95,8.94267481089274,9.499999999999982,9.741179614748457,11.499999999999975,9.961087306207288,13.499999999999966,10.237859722641428,11.499999999999975,11.05792235584635,9.499999999999982,6.6537405446376905,10.0,-4.441060499187567,10.0,-3.6549091115325307,10.0,-2.8781752425732865,10.0,-10.0,10.0,2.435928953576741,-0.3090169943749477,0.9510565162951535,1
96,8.999412216339117,9.599999999999982,9.690524015726032,11.599999999999975,9.914738215091962,13.599999999999966,10.199277970215695,11.599999999999975,10.95792235584635,9.599999999999982,5.67374054463769,10.0,-5.0655599022426046,10.0,-4.634909111532531,10.0,-3.8581752425732865,10.0,-10.0,10.0,2.401070419059329,-0.24868988716485535,0.968583161128631,1
97,9.065949621785494,9.699999999999982,9.649668416703605,11.699999999999974,9.878189123976636,13.699999999999966,10.170496217789962,11.699999999999974,10.86772235584635,9.699999999999982,6.6537405446376905,10.0,-4.085559902242604,10.0,-3.654909111532531,10.0,-2.8781752425732865,10.0,-9.02,10.0,2.3692283236653524,-0.18738131458572468,0.9822872507286887,1
98,9.142287027231871,9.799999999999981,9.618612817681178,11.799999999999974,9.85144003286131,13.799999999999965,10.15151446536423,11.799999999999974,10.787322355846351,9.799999999999981,7.633740544637691,10.0,-3.105559902242604,10.0,-2.674909111532531,10.0,-1.8981752425732865,10.0,-8.04,10.0,2.3387021000246446,-0.12533323356430465,0.9921147013144778,1
99,9.208824432678249,9.89999999999998,9.597357218658752,11.899999999999974,9.822850250427628,13.899999999999965,10.132401388606882,11.899999999999974,10.700867449868097,9.89999999999998,6.6537405446376905,10.0,-2.125559902242604,10.0,-2.858978243368288,10.0,-1.9113076757347724,10.0,-8.645490597825477,10.0,2.309544838838201,-0.06279051952931326,0.9980267284282716,1
100,9.285161838124626,9.99999999999998,9.585901619636326,11.999999999999973,9.804060467993946,13.999999999999964,10.123088311849534,11.999999999999973,10.624212543889842,9.99999999999998,7.633740544637691,10.0,-1.1455599022426042,10.0,-1.8789782433682882,10.0,-0.9313076757347725,10.0,-7.665490597825476,10.0,2.2809454105304505,-2.4492935982947064e-16,1.0,1
101,9.351699243571003,10.09999999999998,9.5842460206139,12.099999999999973,9.795070685560262,14.099999999999964,10.103975235092186,12.099999999999973,10.557357637911586,10.09999999999998,6.6537405446376905,10.0,-0.1655599022426042,10.0,-0.8989782433682882,10.0,-1.9113076757347724,10.0,-6.685490597825476,10.0,2.253632709583427,0.06279051952931278,0.9980267284282716,1
102,9.40843664901738,10.19999999999998,9.592390421591475,12.199999999999973,9.795070685560262,14.199999999999964,10.094662158334838,12.199999999999973,10.500302731933331,10.19999999999998,5.67374054463769,10.0,0.8144400977573958,10.0,0.0,10.0,-0.9313076757347725,10.0,-5.7054905978254755,10.0,2.2281861797331586,0.12533323356430418,0.9921147013144779,1
103,9.455374054463757,10.29999999999998,9.590734822569049,12.299999999999972,9.785270685560262,14.299999999999963,10.07554908157749,12.299999999999972,10.448482894949883,10.29999999999998,4.69374054463769,10.0,-0.1655599022426042,10.0,-0.98,10.0,-1.9113076757347724,10.0,-5.181983698344795,10.0,2.206707627090136,0.1873813145857242,0.9822872507286887,1
104,9.492511459910133,10.399999999999979,9.579279223546623,12.399999999999972,9.770968213297335,14.399999999999963,10.060306745961451,12.399999999999972,10.389063260400896,10.399999999999979,3.7137405446376897,10.0,-1.1455599022426042,10.0,-1.4302472262926669,10.0,-1.5242335616037943,10.0,-5.941963454898689,10.0,2.1885676527765936,0.24868988716485488,0.9685831611286311,1
105,9.51984886535651,10.499999999999979,9.566355714697677,12.499999999999972,9.746865741034409,14.499999999999963,10.037478448524809,12.499999999999972,10.339443625851908,10.499999999999979,2.7337405446376897,10.0,-1.2923508848945418,10.0,-2.410247226292667,10.0,-2.282829743664273,10.0,-4.961963454898688,10.0,2.173019566354644,0.3090169943749472,0.9510565162951536,1
106,9.537386270802887,10.599999999999978,9.55077118144945,12.599999999999971,9.716128206651028,14.599999999999962,10.006383008647687,12.599999999999971,10.281991898794612,10.599999999999978,1.7537405446376897,10.0,-1.5584533248226484,10.0,-3.0737534383380174,10.0,-3.109543987712209,10.0,-5.7451727057296065,10.0,2.16032668100173,0.3681245526846782,0.9297764858882513,1
107,9.545123676249265,10.699999999999978,9.525386648201223,12.69999999999997,9.675590672267647,14.699999999999962,9.965487568770564,12.69999999999997,10.214740171737315,10.699999999999978,0.7737405446376897,10.0,-2.5384533248226484,10.0,-4.053753438338017,10.0,-4.089543987712209,10.0,-6.725172705729607,10.0,2.1474491150332895,0.42577929156507255,0.9048270524660196,1
108,9.543061081695642,10.799999999999978,9.490202114952996,12.79999999999997,9.633393880788905,14.799999999999962,9.914792128893442,12.79999999999997,10.13768844468002,10.799999999999978,-0.20625945536231027,10.0,-3.5184533248226484,10.0,-4.21967914787424,10.0,-5.069543987712208,10.0,-7.705172705729607,10.0,2.1349286614389955,0.4817536741017149,0.8763066800438638,1
109,9.543061081695642,10.899999999999977,9.46481758170477,12.89999999999997,9.600997089310162,14.899999999999961,9.87389668901632,12.89999999999997,10.070436717622723,10.899999999999977,0.0,10.0,-2.5384533248226484,10.0,-3.23967914787424,10.0,-4.089543987712208,10.0,-6.725172705729607,10.0,2.1226251638464033,0.535826794978996,0.8443279255020155,1
110,9.533261081695642,10.999999999999977,9.44134635050502,12.99999999999997,9.57840029783142,14.999999999999961,9.842801249139198,12.99999999999997,10.012984990565426,10.999999999999977,-0.98,10.0,-2.3471231199749982,10.0,-2.25967914787424,10.0,-3.109543987712208,10.0,-5.7451727057296065,10.0,2.1115515303425285,0.5877852522924729,0.8090169943749476,1
111,9.533261081695642,11.099999999999977,9.42767511930527,13.09999999999997,9.565603506352678,15.09999999999996,9.821505809262076,13.09999999999997,9.96533326350813,11.099999999999977,0.0,10.0,-1.3671231199749982,10.0,-1.2796791478742402,10.0,-2.129543987712208,10.0,-4.765172705729606,10.0,2.1040303601915795,0.63742398974869,0.770513242775789,1
112,9.523461081695642,11.199999999999976,9.40420388810552,13.199999999999969,9.543006714873936,15.19999999999996,9.790410369384954,13.199999999999969,9.907881536450834,11.199999999999976,-0.98,10.0,-2.3471231199749982,10.0,-2.25967914787424,10.0,-3.109543987712208,10.0,-5.7451727057296065,10.0,2.0966635535567297,0.6845471059286886,0.7289686274214116,1
113,9.503861081695641,11.299999999999976,9.390532656905771,13.299999999999969,9.530209923395194,15.29999999999996,9.769114929507833,13.299999999999969,9.860229809393537,11.299999999999976,-1.96,10.0,-1.3671231199749982,10.0,-1.2796791478742402,10.0,-2.129543987712208,10.0,-4.765172705729606,10.0,2.0894520740725704,0.7289686274214112,0.684547105928689,1
114,9.49406108169564,11.399999999999975,9.386661425706022,13.399999999999968,9.527213131916453,15.36438271168063,9.757619489630711,13.399999999999968,9.822378082336241,11.399999999999975,-0.98,10.0,-0.38712311997499826,10.0,-0.2996791478742402,6.438271168067085,-1.149543987712208,10.0,-3.785172705729606,10.0,2.0844928224577624,0.7705132427757887,0.6374239897486903,1
115,9.47446108169564,11.499999999999975,9.37348577077102,13.499999999999968,9.51441634043771,15.46438271168063,9.743796920132295,13.499999999999968,9.794326355278946,11.499999999999975,-1.96,10.0,-1.3175654935000387,10.0,-1.2796791478742402,10.0,-1.3822569498416033,10.0,-2.805172705729606,10.0,2.0654538370123037,0.8090169943749478,0.5877852522924727,1
116,9.46466108169564,11.599999999999975,9.37011011583602,13.599999999999968,9.511419548958969,15.56438271168063,9.73977435063388,13.599999999999968,9.77607462822165,11.599999999999975,-0.98,10.0,-0.3375654935000387,10.0,-0.2996791478742402,10.0,-0.4022569498416033,10.0,-1.825172705729606,10.0,2.0641210632773594,0.8443279255020152,0.5358267949789964,1
117,9.44506108169564,11.699999999999974,9.35693446090102,13.699999999999967,9.498622757480227,15.664382711680629,9.725951781135464,13.699999999999967,9.748022901164354,11.699999999999974,-1.96,10.0,-1.3175654935000387,10.0,-1.2796791478742402,10.0,-1.3822569498416033,10.0,-2.805172705729606,10.0,2.0628195055183705,0.8763066800438636,0.4817536741017154,1
118,9.43526108169564,11.799999999999974,9.353558805966019,13.799999999999967,9.495625966001485,15.764382711680629,9.721929211637049,13.799999999999967,9.729771174107059,11.799999999999974,-0.98,10.0,-0.3375654935000387,10.0,-0.2996791478742402,10.0,-0.4022569498416033,10.0,-1.825172705729606,10.0,2.061549218011459,0.9048270524660194,0.42577929156507305,1
119,9.415661081695639,11.899999999999974,9.340383151031018,13.899999999999967,9.495625966001485,15.849519208926969,9.721929211637049,13.899999999999967,9.721319447049764,11.899999999999974,-1.96,10.0,-1.3175654935000387,10.0,0.0,8.513649724633988,0.0,10.0,-0.8451727057296061,10.0,2.060310251806439,0.9297764858882511,0.36812455268467875,1
120,9.405861081695639,11.999999999999973,9.337007496096017,13.999999999999966,9.505425966001486,15.949519208926969,9.731729211637049,13.999999999999966,9.722667719992467,11.999999999999973,-0.98,10.0,-0.3375654935000387,10.0,0.98,10.0,0.98,10.0,0.13482729427039386,10.0,2.0572481570565206,0.9510565162951532,0.30901699437494856,1
121,9.405861081695639,12.099999999999973,9.343431841161017,14.099999999999966,9.525025966001486,16.038168933948413,9.75132921163705,14.099999999999966,9.73381599293517,12.099999999999973,0.0,10.0,0.6424345064999613,10.0,1.96,8.864972502144449,1.96,10.0,1.1148272942703938,10.0,2.0601605346554526,0.9685831611286312,0.24868988716485457,1
122,9.396061081695638,12.199999999999973,9.340056186226017,14.199999999999966,9.534825966001486,16.138168933948414,9.76112921163705,14.199999999999966,9.735164265877874,12.199999999999973,-0.98,10.0,-0.3375654935000387,10.0,0.98,10.0,0.98,10.0,0.13482729427039386,10.0,2.058592921412715,0.9822872507286886,0.18738131458572474,1
123,9.396061081695638,12.299999999999972,9.346480531291016,14.299999999999965,9.554425966001487,16.238168933948415,9.78072921163705,14.299999999999965,9.746312538820577,12.299999999999972,0.0,10.0,0.6424345064999613,10.0,1.96,10.0,1.96,10.0,1.1148272942703938,10.0,2.0615969406864343,0.9921147013144778,0.12533323356430473,1
124,9.405861081695639,12.399999999999972,9.362704876356016,14.399999999999965,9.583825966001488,16.338168933948417,9.81012921163705,14.399999999999965,9.76726081176328,12.399999999999972,0.98,10.0,1.6224345064999612,10.0,2.94,10.0,2.94,10.0,2.094827294270394,10.0,2.0646462975750453,0.9980267284282716,0.0627905195293142,1
125,9.425461081695639,12.499999999999972,9.388729221421016,14.499999999999964,9.623025966001487,16.43816893394842,9.84932921163705,14.499999999999964,9.798009084705985,12.499999999999972,1.96,10.0,2.602434506499961,10.0,3.92,10.0,3.92,10.0,3.074827294270394,10.0,2.067740870045714,1.0,1.1943401194869635e-15,1
126,9.43526108169564,12.599999999999971,9.404953566486016,14.599999999999964,9.652425966001488,16.47775143511309,9.87872921163705,14.599999999999964,9.818957357648689,12.599999999999971,0.98,10.0,1.6224345064999612,10.0,2.94,3.958250116466955,2.94,10.0,2.094827294270394,10.0,2.070880529767037,0.9980267284282716,-0.0627905195293136,1
127,9.43526108169564,12.69999999999997,9.411377911551016,14.699999999999964,9.672025966001488,16.57775143511309,9.898329211637051,14.699999999999964,9.830105630591392,12.69999999999997,0.0,10.0,0.6424345064999613,10.0,1.96,10.0,1.96,10.0,1.1148272942703938,10.0,2.0500051958270893,0.9921147013144779,-0.12533323356430412,1
128,9.44506108169564,12.79999999999997,9.427602256616016,14.799999999999963,9.701425966001489,16.67775143511309,9.927729211637052,14.799999999999963,9.851053903534096,12.79999999999997,0.98,10.0,1.6224345064999612,10.0,2.94,10.0,2.94,10.0,2.094827294270394,10.0,2.05324124261024,0.9822872507286886,-0.18738131458572502,1
129,9.44506108169564,12.89999999999997,9.434026601681015,14.899999999999963,9.72102596600149,16.777751435113093,9.947329211637053,14.899999999999963,9.876984267994153,12.89999999999997,0.0,10.0,0.6424345064999613,10.0,1.96,10.0,1.96,10.0,2.593036446005713,10.0,2.0565223977380933,0.9685831611286311,-0.24868988716485482,1
130,9.45486108169564,12.99999999999997,9.450250946746015,14.999999999999963,9.75042596600149,16.877751435113094,9.976729211637053,14.999999999999963,9.912714632454211,12.99999999999997,0.98,10.0,1.6224345064999612,10.0,2.94,10.0,2.94,10.0,3.573036446005713,10.0,2.0616404510313964,0.9510565162951536,-0.3090169943749471,1
131,9.45486108169564,13.09999999999997,9.456675291811015,15.099999999999962,9.77002596600149,16.961719479229085,9.996329211637054,15.099999999999962,9.938644996914269,13.09999999999997,0.0,10.0,0.6424345064999613,10.0,1.96,8.39680441159914,1.96,10.0,2.593036446005713,10.0,2.0668175901092556,0.9297764858882517,-0.3681245526846773,1
132,9.44506108169564,13.199999999999969,9.453299636876014,15.199999999999962,9.779825966001491,16.999739754276177,10.006129211637054,15.199999999999962,9.954775361374326,13.199999999999969,-0.98,10.0,-0.3375654935000387,10.0,0.98,3.802027504709315,0.98,10.0,1.613036446005713,10.0,2.0656812365147457,0.9048270524660192,-0.4257792915650733,1
133,9.44506108169564,13.299999999999969,9.459723981941014,15.299999999999962,9.799425966001492,17.09973975427618,10.025729211637055,15.299999999999962,9.980705725834383,13.299999999999969,0.0,10.0,0.6424345064999613,10.0,1.96,10.0,1.96,10.0,2.593036446005713,10.0,2.0463596069875276,0.8763066800438634,-0.4817536741017156,1
134,9.45486108169564,13.399999999999968,9.475948327006014,15.399999999999961,9.828825966001492,17.19973975427618,10.055129211637055,15.399999999999961,10.016436090294441,13.399999999999968,0.98,10.0,1.6224345064999612,10.0,2.94,10.0,2.94,10.0,3.573036446005713,10.0,2.051726106993886,0.8443279255020151,-0.5358267949789967,1
135,9.45486108169564,13.499999999999968,9.482372672071014,15.499999999999961,9.848425966001493,17.29973975427618,10.074729211637056,15.499999999999961,10.042366454754498,13.499999999999968,0.0,10.0,0.6424345064999613,10.0,1.96,10.0,1.96,10.0,2.593036446005713,10.0,2.057151107256064,0.8090169943749476,-0.5877852522924729,1
136,9.46466108169564,13.599999999999968,9.498597017136014,15.59999999999996,9.877825966001494,17.324865500518456,10.104129211637057,15.59999999999996,10.078096819214556,13.599999999999968,0.98,10.0,1.6224345064999612,10.0,2.94,2.5125746242274096,2.94,10.0,3.573036446005713,10.0,2.062634296012733,0.7705132427757886,-0.6374239897486905,1
137,9.48426108169564,13.699999999999967,9.520905552194396,15.69999999999996,9.897425966001494,17.424865500518457,10.123729211637057,15.69999999999996,10.104027183674614,13.699999999999967,1.96,10.0,2.2308535058381604,10.0,1.96,10.0,1.96,10.0,2.593036446005713,10.0,2.038509625350129,0.728968627421411,-0.6845471059286892,1
138,9.513661081695641,13.799999999999967,9.553014087252777,15.79999999999996,9.926825966001495,17.52486550051846,10.153129211637058,15.79999999999996,10.139757548134671,13.799999999999967,2.94,10.0,3.2108535058381604,10.0,2.94,10.0,2.94,10.0,3.573036446005713,10.0,2.038946996064346,0.6845471059286884,-0.7289686274214118,1
139,9.55286108169564,13.899999999999967,9.594922622311158,15.89999999999996,9.966025966001494,17.62486550051846,10.192329211637057,15.89999999999996,10.18528791259473,13.899999999999967,3.92,10.0,4.19085350583816,10.0,3.92,10.0,3.92,10.0,4.553036446005713,10.0,2.039388784637609,0.6374239897486897,-0.7705132427757893,1
140,9.60186108169564,13.999999999999966,9.646631157369539,15.99999999999996,10.015025966001494,17.638323527082445,10.241329211637057,15.99999999999996,10.233019465799895,13.999999999999966,4.9,10.0,5.17085350583816,10.0,4.9,1.3458026563984373,4.9,10.0,4.773155320516644,10.0,2.039834990431886,0.5877852522924734,-0.8090169943749472,1
141,9.64106108169564,14.099999999999966,9.68853969242792,16.09999999999996,10.054225966001493,17.738323527082446,10.280529211637056,16.09999999999996,10.27095101900506,14.099999999999966,3.9200000000000004,10.0,4.1908535058381595,10.0,3.9200000000000004,10.0,3.9200000000000004,10.0,3.7931553205166444,10.0,2.004997526418708,0.5358267949789972,-0.8443279255020147,1
142,9.67046108169564,14.199999999999966,9.7206482274863,16.19999999999996,10.083625966001494,17.80962903698203,10.309929211637057,16.19999999999996,10.299082572210228,14.199999999999966,2.9400000000000004,10.0,3.2108535058381595,10.0,2.9400000000000004,7.130550989958497,2.9400000000000004,10.0,2.8131553205166444,10.0,2.0044283201881545,0.48175367410171466,-0.8763066800438639,1
143,9.69006108169564,14.299999999999965,9.742956762544683,16.29999999999996,10.103225966001494,17.909629036982032,10.329529211637057,16.29999999999996,10.317414125415395,14.299999999999965,1.9600000000000004,10.0,2.2308535058381596,10.0,1.9600000000000004,10.0,1.9600000000000004,10.0,1.8331553205166444,10.0,1.992503017141742,0.4257792915650723,-0.9048270524660197,1
144,9.719461081695641,14.399999999999965,9.775065297603064,16.399999999999963,10.132625966001495,17.909629036982032,10.358929211637058,16.399999999999963,10.345545678620562,14.399999999999965,2.9400000000000004,10.0,3.2108535058381595,10.0,2.9400000000000004,0.0,2.9400000000000004,10.0,2.8131553205166444,10.0,1.991935976370178,0.368124552684678,-0.9297764858882515,1
145,9.745389752069649,14.499999999999964,9.797373832661446,16.499999999999964,10.152225966001495,17.909629036982032,10.378529211637058,16.499999999999964,10.363877231825729,14.499999999999964,2.5928670374008114,10.0,2.2308535058381596,10.0,1.9600000000000004,0.0,1.9600000000000004,10.0,1.8331553205166444,10.0,1.9518119511239376,0.3090169943749478,-0.9510565162951534,1
146,9.781118422443656,14.599999999999964,9.829482367719827,16.599999999999966,10.181625966001496,17.983605254520466,10.40792921163706,16.599999999999966,10.392008785030896,14.599999999999964,3.5728670374008114,10.0,3.2108535058381595,10.0,2.9400000000000004,7.397621753843371,2.9400000000000004,10.0,2.8131553205166444,10.0,1.910817282167504,0.2486898871648555,-0.968583161128631,1
147,9.807047092817664,14.699999999999964,9.851790902778209,16.699999999999967,10.201225966001497,18.083605254520467,10.42752921163706,16.699999999999967,10.410340338236063,14.699999999999964,2.5928670374008114,10.0,2.2308535058381596,10.0,1.9600000000000004,10.0,1.9600000000000004,10.0,1.8331553205166444,10.0,1.8990581754210651,0.18738131458572393,-0.9822872507286888,1
148,9.840784641807385,14.799999999999963,9.88389943783659,16.79999999999997,10.227973644002807,18.18360525452047,10.439218592660692,16.79999999999997,10.42277572745232,14.799999999999963,3.3737548989720754,10.0,3.2108535058381595,10.0,2.674767800131052,10.0,1.1689381023632224,10.0,1.2435389216256754,10.0,1.8975762896046269,0.1253332335643039,-0.9921147013144779,1
149,9.864722190797107,14.899999999999963,9.906207972894972,16.89999999999997,10.244921322004117,18.25614750125381,10.441107973684325,16.89999999999997,10.425411116668577,14.899999999999963,2.3937548989720754,10.0,2.2308535058381596,10.0,1.6947678001310522,7.254224673334231,0.1889381023632224,10.0,0.2635389216256754,10.0,1.8917058169397258,0.06279051952931339,-0.9980267284282716,1
150,9.878859739786828,14.999999999999963,9.918716507953354,16.99999999999997,10.252069000005427,18.356147501253812,10.433197354707957,16.99999999999997,10.418246505884834,14.999999999999963,1.4137548989720754,10.0,1.2508535058381596,10.0,0.7147678001310522,10.0,-0.7910618976367776,10.0,-0.7164610783743246,10.0,1.8750456201822832,3.6739403974420594e-16,-1.0,1
