,Drone-0-x,Drone-0-y,Drone-1-x,Drone-1-y,Drone-2-x,Drone-2-y,Drone-3-x,Drone-3-y,Drone-4-x,Drone-4-y,Drone-0-v-x,Drone-0-v-y,Drone-1-v-x,Drone-1-v-y,Drone-2-v-x,Drone-2-v-y,Drone-3-v-x,Drone-3-v-y,Drone-4-v-x,Drone-4-v-y
0,0.0,0.0,5.0,1.0,10.0,2.0,15.0,1.0,20.0,0.0,0.0,0.0,0.0,0.0,0.0,0.0,0.0,0.0,0.0,0.0
1,1.5004499999999998,0.04011706297754904,5.7981635000290295,1.0481833793423703,10.0039,2.02095,14.318625405000871,1.02910961136241,18.551434167150898,0.03942554879779858,150.0,4.231706297754903,79.50135000290292,4.5933379342370255,0.39,2.095,-68.0924594999129,3.375961136240999,-145.1365832849103,4.307554879779858
2,2.776359692165424,0.08286406433587687,6.472793470696659,1.0953613178170054,10.001949999999999,2.0402,13.732516476301155,1.054818042896412,17.311770656267687,0.08055263092245049,128.01096921654238,4.139700135832783,67.37299706676289,4.482793847463514,-0.195,1.925,-58.41589286997154,3.055843153400186,-123.66635108832106,4.027708212465191
3,3.867367447201735,0.11709665949610246,7.041217582792566,1.1380659626630527,9.999149999999998,2.0595,13.226549669724323,1.081202567049175,16.253536718507128,0.11741868976562492,109.24077550363111,3.888259516022558,57.067411209590716,4.335464484604734,-0.28,1.93,-50.131680657683326,2.838452415276303,-105.3383937760559,3.9516058843174426
4,4.795296970634437,0.15111065731932807,7.522991051217854,1.1777877225423175,9.99955,2.0799,12.79655494062768,1.105741550194596,15.35189410121252,0.15996942660771116,93.15295234327027,3.7563997823225614,48.33234684252885,4.172175987926465,0.04,2.04,-43.00447290966431,2.6488983145420923,-89.6992617294608,3.8200736842086234
5,5.590690698478109,0.18725317287065724,7.933336044656175,1.2233366004839907,9.9947,2.10335,12.431085167002719,1.1347554351555718,14.591711207275033,0.19560756982636415,79.46937278436711,3.354251555132917,40.97949934383211,4.279887794167328,-0.485,2.3449999999999998,-36.94697736249605,2.5363884960975867,-76.37328939374872,3.7738143218652995
6,6.26646835930245,0.2243233104809586,8.283120158812334,1.2658622321966144,9.99215,2.1270499999999997,12.112295864096637,1.1575071663191023,13.942780977069235,0.2350526261732376,67.7627660824341,3.3570137610301356,34.86841141561581,4.062563171262379,-0.255,2.37,-31.778930290608155,2.3151731163530616,-65.13802302057981,3.5645056346873445
7,6.8439395157410186,0.2533204679853771,8.581173123646519,1.3058246511145895,9.994250000000001,2.1520499999999996,11.839171373377727,1.1848824521401091,13.385261825472629,0.27157151607405244,57.77211564385692,3.0597157504418506,29.92029648341849,4.026241891797504,0.21,2.5,-27.332449071891038,2.287528582100676,-55.526915159660724,3.6468889900814854
8,7.333666996426066,0.2811727056537367,8.837154981539467,1.347170132511302,9.99,2.1674499999999997,11.596297060307066,1.198822973826202,12.91256322106451,0.3055128605036262,49.12274806850478,2.950223766835961,25.743185789294763,3.8545481396712544,-0.425,1.54,-23.82743130706606,1.8640521686092812,-47.244860440811976,3.5191344429573768
9,7.749768567724311,0.30629361864459675,9.053703674742618,1.3831063133387966,9.9923,2.1897999999999995,11.381090004064417,1.2205737083709927,12.51087228837441,0.3383990746118219,41.41515712982445,2.6670912990860067,21.469869320315055,3.763618082749466,0.23,2.235,-21.175705624264957,2.0150734544790625,-39.91409326901001,3.5736214108195696
10,8.091842489879104,0.33431888592934816,9.219731921317123,1.4220836882548245,9.98825,2.2139999999999995,11.18623477202935,1.2394879743234235,12.1778185811185,0.372564420030411,34.24739221547939,2.5125267284751387,16.922824657450597,3.7227374916027838,-0.405,2.42,-19.265523203506678,1.951426595243075,-33.24537072559109,3.536534541858911
11,8.367832512713878,0.35530772133981703,9.34928356269237,1.453763884386003,9.991900000000001,2.2326999999999995,11.018158854462008,1.2621121116544347,11.909150879387251,0.41166087732941536,27.374002283477502,2.298883541046886,13.185164137524737,3.6130196131178574,0.365,1.87,-17.012591756734047,1.967413733101112,-27.111770173124857,3.6596457299004377
12,8.572890626977237,0.37859463679066485,9.456368741049834,1.4896383411387129,9.993400000000001,2.2507999999999995,10.879573027530048,1.2847625904971678,11.691309306828902,0.45207883590491704,20.94581142633587,1.898691545084784,10.2985178357463,3.5974456752709845,0.15,1.81,-14.033582693196104,1.9050478842733152,-21.709157255834885,3.7417958575501666
13,8.730742602864737,0.3922458400209038,9.535441536207422,1.5194958348974912,9.990350000000001,2.2722999999999995,10.77464009165663,1.2996554882152775,11.519206624989591,0.4929777902140976,15.6051975887499,1.5101203230238953,7.767279515758773,3.3357493758778274,-0.305,2.15,-10.638293587341828,1.8892897718109736,-16.860268183931176,3.889895430918055
14,8.835844252161184,0.40454932479085165,9.593401297764197,1.5496670281325906,9.9945,2.2896999999999994,10.706052105396815,1.3242207604344831,11.391473284825727,0.5372753089090628,10.840164929644633,0.9453484769947855,5.4759761556776,3.4671193235099373,0.415,1.74,-7.348798625981534,2.046527221920557,-12.473334016386438,4.229751869496524
15,8.912835063956408,0.41291761896079837,9.634906822284709,1.5777952255029535,9.99685,2.3091999999999993,10.653856060316121,1.3406914720794358,11.2996347286234,0.5803212237904658,7.464081179522359,0.48682941699467186,3.660552452051135,3.297819737036291,0.235,1.95,-4.979604508069291,1.942071164495272,-8.998855620232778,4.444591488140301
16,8.962447615412401,0.4175523537512975,9.659693376810749,1.6090757406048481,9.9981,2.3260999999999994,10.62339186248682,1.3572445998198626,11.237195311527815,0.623650787031504,4.771255145599433,-0.03152652095008701,2.0586554526039773,3.3430515101894693,0.125,1.69,-3.0364197829302215,1.915312774042679,-6.253941709558332,4.757956324103818
17,8.988803207147038,0.40982897401729995,9.666380928554272,1.6358295160640102,9.997150000000001,2.3463999999999996,10.602836607327948,1.3720237996368596,11.194016710472011,0.6734463692550842,2.9055591734636854,-0.4173379733997562,0.9487551743523537,3.1153775459161914,-0.095,2.03,-2.125525515887169,1.807919981699694,-4.397860105580298,5.184558222358014
18,9.008497660244597,0.39944207725108993,9.674151337136577,1.6693370922020117,9.998350000000002,2.3707499999999997,10.591069513924104,1.387234936901405,11.164121664028611,0.7325251681808983,1.704445309755835,-0.7536896766210033,0.4570408582304486,3.2157576138001525,0.12,2.435,-1.396709340384282,1.771113726454531,-3.0095046443399323,5.4878798925814145
19,9.020136093810017,0.3925679252830789,9.677556065144465,1.705317231354541,9.996750000000002,2.3909999999999996,10.583876640406519,1.4086160447510103,11.147609333553072,0.7833102763170634,0.8938433565419057,-0.8174151968011039,0.005472800788865584,3.4330139152529404,-0.16,2.025,-1.0542873517584992,1.7981107849605404,-2.0762330475538455,5.338510813616504
20,9.026121703200811,0.39310655487687524,9.677731168402634,1.737600389812721,9.993100000000002,2.4146499999999995,10.571551670349335,1.4243790188685101,11.129820806658836,0.831298460881638,0.3535609390793857,-0.3811370406203629,-0.2174896741830974,3.353315845818008,-0.365,2.365,-0.887497005718453,1.7062974117499854,-1.683852689423599,4.878818456457454
21,9.021916893691701,0.3896472168655269,9.669816344250142,1.7762925360218031,9.990800000000002,2.4297499999999994,10.561749987757574,1.4413550377351005,11.119543425475204,0.8716612333625497,-0.07548095091092133,0.014066198865167578,-0.5814824152490825,3.444214620908216,-0.23,1.51,-0.7051682591760926,1.4476018866590303,-1.2877381183632952,4.416277248091177
22,9.02424929054079,0.3972867922048082,9.663319027892534,1.8036386070404227,9.994800000000001,2.4514999999999993,10.560399047084719,1.4528498226178843,11.112755924514166,0.9050639173748523,-0.14176031509112708,0.7489575339281345,-0.5747316357608865,3.169607101861944,0.4,2.175,-0.45509406728552726,1.4844784882783726,-0.9437500961036687,3.805268401230247
23,9.023416783625002,0.40757596396930573,9.654391800059548,1.835092557087941,9.998750000000001,2.4691499999999995,10.5498689781159,1.4646903545217265,11.10724521118691,0.9352487439113103,-0.2782506915787959,1.0789171764497496,-0.5477227832986316,3.260395004751831,0.395,1.7650000000000001,-0.5930068968819029,1.5590531903842244,-0.8110713327255752,3.4584826536458078
24,9.021305232808363,0.4238989019944069,9.645461927817818,1.8685776524872988,9.994100000000001,2.4898499999999997,10.55026090215616,1.4853590932842502,11.0979008848506,0.9668025668420064,-0.3661550816640027,1.3772938025101134,-0.6279872241729634,3.138509539935778,-0.465,2.07,-0.43080759597406804,1.7468738762523657,-0.7644326336311646,3.350382293069611
25,9.013308886672037,0.44231463255453907,9.639837677411592,1.8952390858624386,9.996250000000002,2.50695,10.543101830169311,1.504444897088724,11.097403138333409,0.9928620759393889,-0.5046346136324571,1.6765730560132166,-0.49242504062257275,2.94114333751398,0.215,1.71,-0.6509071986847577,1.668580380447393,-0.544774651718976,3.0359509097382524
26,9.013863830246546,0.46290091519398946,9.635334861059588,1.9206495282864675,9.998350000000002,2.5222499999999997,10.536123465176809,1.518105007248453,11.096360368408723,1.024442229548408,-0.26450564254908393,1.7936282639450365,-0.49528163520025625,2.831044242402899,0.21,1.53,-0.44283649925024626,1.626011015972887,-0.5792769924685874,2.8630153609019047
27,9.00638848218402,0.48095850455429034,9.627342968889579,1.948614625185386,10.002550000000003,2.5419499999999995,10.532382362734978,1.5392798735566589,11.095239397561647,1.0493842790288859,-0.34753480625251765,1.780758936030086,-0.6241892170008736,2.861509689891856,0.42,1.97,-0.34911024418302716,1.8024866308205896,-0.5870970847075618,2.5942049480478016
28,9.009345000482105,0.5045673552500917,9.6269477615283,1.9806702831484022,10.000250000000003,2.5638999999999994,10.526307808168793,1.562567598305294,11.084346432550516,1.0747710466840485,-0.1043481701916198,1.9608850695801294,-0.4795207361280043,2.725565796301619,-0.23,2.195,-0.217455456618465,1.8337724748635083,-0.6292965011131333,2.69367676551626
29,9.004806781198855,0.5201340582078946,9.619090366394868,2.0030590045329424,10.005250000000004,2.5808499999999994,10.522136830827662,1.5788837887885436,11.081045617324113,1.1003485265029163,-0.33382192832501634,2.0216702957802983,-0.6907395133431904,2.4288721384540133,0.5,1.695,-0.2220977341131718,1.6016190483249542,-0.28508152264038245,2.4827479818867726
30,9.006027930629097,0.5375617591045899,9.6153334054052,2.0285687158692656,10.008200000000004,2.5977499999999996,10.521102409092844,1.599339384284682,11.074479334923218,1.1227317762045068,-0.19788505697589542,2.1727700896695303,-0.5906960989667667,2.430971133632304,0.295,1.69,-0.14344217348183186,1.6255595496138202,-0.15662824008947673,2.348324970159057
31,9.006455620303807,0.559055418072814,9.614378737853762,2.050494777222352,10.008150000000004,2.6145499999999995,10.52014110243972,1.6201343649273408,11.076187100797544,1.150261432720278,-0.2622310325288906,2.3193658968224042,-0.5604667551438842,2.287606135308638,-0.005,1.68,-0.17113066531238985,1.5794980642658896,0.05077658743261715,2.29296565157712
32,9.000600124788274,0.5784649825736922,9.606879553431138,2.071224772056668,10.006550000000004,2.6365999999999996,10.515526650776703,1.640756026264979,11.071069803075261,1.1717091127611727,-0.2905495515533474,2.3559564500878167,-0.6049184422623188,2.3379994834316093,-0.16,2.205,-0.3064451663017156,1.5821661337638222,-0.1367297722281915,2.044768004089466
33,9.001604889427082,0.6075451103876914,9.607052609504459,2.094711778744181,10.005050000000004,2.6595999999999997,10.51718903993236,1.658975381736925,11.076051192293754,1.1975213699973764,-0.2245235361193023,2.4130127813999227,-0.47769439266798397,2.418700668751305,-0.15,2.3,-0.1737610844342825,1.7619355471946,0.02813892184929223,2.151225723620355
34,8.998841455266636,0.629770636545307,9.60186143026973,2.1234318321293637,10.006650000000004,2.6832999999999996,10.518446036149387,1.6824823499792005,11.071137035224309,1.2232542854840567,-0.2613434160445518,2.1475526157615548,-0.43911792347278134,2.467005338518267,0.16,2.37,-0.30430037829734147,1.9156968242275543,-0.14641570694456085,2.1582915486680303
35,8.994397655854883,0.6520215378977917,9.598362707544439,2.1496373166379894,10.011000000000005,2.6985999999999994,10.51417082012802,1.7049986909125538,11.074678966335627,1.2443005824335125,-0.1943799411753675,2.2500901352484775,-0.3498722725291792,2.340548450862581,0.435,1.53,-0.4625216021365457,1.7516340933353334,0.019193111131750484,2.064629694945591
36,8.997442771477571,0.6701731232216166,9.596715888467608,2.1728552512951134,10.014050000000005,2.7166999999999994,10.512663757947488,1.72427009388454,11.070388027313243,1.2676808457068902,-0.005488437731161255,2.245158532382483,-0.28968190768312674,2.1167934657123775,0.305,1.81,-0.285706218053285,1.60214029719861,-0.06409390223843126,2.05802632733778
37,8.997882395303966,0.691013587066843,9.591412941108091,2.189073523422988,10.016400000000004,2.7348499999999993,10.506350905235486,1.7368818816193403,11.074700426822401,1.2823125025330522,-0.10603761736043271,2.3490463845226426,-0.30529473595166134,2.076827212787454,0.235,1.815,-0.35628527120009856,1.6061787734800346,0.03623995091590437,1.8581656826161872
38,8.996463346112277,0.7130810017594247,9.59327293168753,2.20675752136474,10.013950000000005,2.7506999999999993,10.507230883328733,1.7597479644199066,11.076683685675391,1.2992066719569222,-0.16190491916884486,2.111741469258167,-0.25400094205622104,2.1033997941751843,-0.245,1.585,-0.07700219067534952,1.8216082800566138,-0.1366741147009911,1.9944169423869944
39,8.994302144244692,0.7370468927531053,9.59461331757635,2.231300983155096,10.012900000000005,2.7659499999999992,10.50171178994504,1.7807831385221478,11.07409993186662,1.3186593898552414,-0.12112018675850766,2.0265890993680635,-0.29596141111794605,2.1093461790356,-0.105,1.525,-0.08190933836932679,1.7135174102241182,-0.2683753808771119,2.1902717898319217
40,8.992387371254855,0.7599531115008263,9.592961885516948,2.249848814442729,10.016650000000006,2.790349999999999,10.50408990852876,1.7945266044043853,11.072965734804626,1.3400834615119939,-0.08647729898371281,1.910621874772099,-0.4751432059402947,1.949783128763301,0.375,2.44,0.05781185837203928,1.804346588223762,-0.11341970619931807,2.227407165675247
41,8.992158468502414,0.775603658108608,9.588624197806737,2.268469846712172,10.021150000000006,2.806999999999999,10.499821713388766,1.8148154721339116,11.073504120725707,1.36034363897373,0.04210972475584729,1.720054660778164,-0.40376877102106246,2.0271032269443077,0.45,1.665,-0.11181951399948531,1.883886772952624,-0.0661614078918582,2.0960177461736205
42,8.99607942447211,0.7989932877812678,9.589957469633509,2.294023229222895,10.016650000000006,2.822649999999999,10.5046248010566,1.8352300042219476,11.068441988786015,1.3837373215345734,0.05709559696962785,1.8639629672659765,-0.3166728173229081,2.0753382510723255,-0.45,1.565,0.08530876678351973,1.8614532088035922,-0.09621319396914352,2.189368256084343
43,8.993715869479416,0.8128252515602225,9.582604273976177,2.308571550347949,10.018500000000005,2.842649999999999,10.499360166322496,1.8539483698999253,11.067836443112908,1.4011718703444607,-0.13635549926936363,1.803196377895464,-0.3103195657332418,1.9048321125053893,0.185,2.0,-0.27646347341035593,1.7318365677977638,0.00944543268924214,1.9184548809887332
44,8.994896954783153,0.8283203683512467,9.584040954129353,2.3277957875376276,10.020850000000005,2.864399999999999,10.50224670718536,1.873564208187576,11.07085195346719,1.4221744591152714,-0.126891469626365,1.9445116791024244,-0.17133198468231114,1.9924237189678462,0.235,2.175,-0.06134591371366227,1.7315838287650838,0.10655103542821465,1.965258877081082
45,8.997714462059639,0.8533396132089633,9.587761390332854,2.346231584181182,10.024800000000004,2.879949999999999,10.50585820291592,1.8944709558930826,11.074661394409102,1.437973328996367,-0.08824927235146962,2.111924485771672,-0.12295637964990691,2.0785796643554546,0.395,1.555,-0.04385042694396546,1.7506747705506402,0.13094409419107755,1.9148869881095631
46,8.997444825172197,0.8708416843314104,9.584814475226628,2.3709038176263966,10.025250000000005,2.8952999999999993,10.503329316704237,1.9129063163529059,11.070965995211507,1.4613135537685713,-0.051963688744197434,1.880207112244701,-0.16469151062273557,2.002223344521441,0.045,1.535,-0.19288862116828653,1.6035360459823318,-0.034539919759524196,2.0940224772204417
47,8.996187169592258,0.8861066971027564,9.584577843803864,2.387123070083226,10.024750000000004,2.911349999999999,10.49988368320682,1.9327538092114318,11.071618512752085,1.4815924846553574,-0.09076555799402364,1.991501277134594,-0.15366314227645805,1.8719252456829656,-0.05,1.605,-0.1495633497418094,1.4997492858525998,0.050251754057827114,1.8378930886786122
48,8.992034797025672,0.9110828325165163,9.578755596292265,2.4066341694125732,10.025450000000005,2.930449999999999,10.498388305268964,1.9534887470277615,11.06832974580587,1.5049623234424572,-0.07523725665855707,2.1276135413759967,-0.2472247511598411,2.0011099329347086,0.07,1.91,-0.15953779378551403,1.5734937816329726,-0.023876694621433714,1.856983878709979
49,8.995030557709187,0.9289603740114264,9.582040890930667,2.4258334860998887,10.028600000000004,2.945549999999999,10.493484539121498,1.963735038343282,11.07438476746724,1.5261940206601146,0.009576068351487166,1.9877541494910016,-0.07647053615968114,2.059931668731536,0.315,1.51,-0.05537661474661704,1.4196291315520444,0.13050216613686239,1.6731697217657384
50,8.99623881254584,0.950000287329597,9.580659983084882,2.447215013495149,10.024350000000004,2.961449999999999,10.492263906678215,1.9822623817380405,11.076628908526013,1.544076599890981,-0.02417451633462786,1.8939913318170536,-0.23309078457852372,2.0981527395260016,-0.425,1.59,0.1479367556715907,1.6927343394758596,-0.1705858941227376,1.6382579230866323
51,8.989748894423704,0.9728948640582135,9.580237956581785,2.4721470398449514,10.022350000000003,2.985849999999999,10.49679547231656,1.9990669319664232,11.069250871027153,1.5635564932493626,-0.15399181221374647,1.8044576728616466,-0.2522026503096111,2.0182026349802644,-0.2,2.44,0.1631565638344341,1.8854550228382605,-0.262803749885995,1.8629893358381775
52,8.98617353445727,0.9884797751944774,9.577274427640052,2.49374897322455,10.024800000000003,3.007349999999999,10.496411882778666,2.0233666868644966,11.071780196297619,1.5800401897499965,0.04746400335667733,1.683491113626392,-0.23135289417333338,1.8501933379598268,0.245,2.15,-0.13835895378939433,1.949975489807338,0.0029325270465516695,1.878369650063389
53,8.99120938851388,1.0075434166869468,9.576986005403961,2.5074799073075047,10.028800000000002,3.0241999999999987,10.492148378554464,2.040935076907612,11.069138313388587,1.6003080701817383,0.1935854056609294,1.8963641492469456,-0.07884222360900717,1.7380934082954975,0.4,1.685,-0.07635042242025314,1.7268390043115325,-0.04418829090314702,1.8517880431741798
54,8.987334959089191,1.0289285109601578,9.570327770265225,2.5234803829026373,10.033200000000003,3.0413499999999987,10.489878393262298,2.063354863693899,11.065373482144054,1.6179428162572813,0.04255705753109762,1.8435094273211021,-0.21082351387364318,1.9250475595132799,0.44,1.715,-0.10699852921657182,1.77697867862872,0.04851687554660877,1.7584746075543105
55,8.991278217878596,1.0477896997337326,9.572304713508876,2.546658709297854,10.036000000000003,3.0571999999999986,10.484956403912088,2.082064414403559,11.072260746700888,1.6407425061937626,0.1643258789404758,1.7761188773574883,-0.017305675634888384,1.9778326395216843,0.28,1.585,-0.0071989350210674985,1.6109550709659999,0.20872645568338122,1.859968993648124
56,8.993033914168477,1.067697690707079,9.574265095788421,2.5689601024634303,10.032400000000003,3.079399999999999,10.483449473528244,2.0943699690169453,11.071747208550663,1.6546793078651376,0.0805696289880311,1.8307990973346477,-0.11896177204539704,1.920139316557611,-0.36,2.22,0.2743069616157072,1.690555461338632,-0.09635381502246787,1.8286801671375024
57,8.993587023545379,1.0839362943278226,9.56856526375769,2.5821588440597276,10.033850000000003,3.100099999999999,10.48463704048931,2.113311404174107,11.068793850395945,1.673461784218916,-0.034689062309777974,1.6638603620743524,-0.20998320307306484,1.7198741596297271,0.145,2.07,0.21375669610664794,1.9041435157161892,-0.07533581547183132,1.8782476353778197
58,8.99194570758887,1.1056403291385644,9.569628092877581,2.603056464563436,10.033400000000002,3.122549999999999,10.48799194862167,2.128640699189295,11.070958339933695,1.6970299731818952,-0.08413159565083994,1.7304034810741857,-0.028717088011026348,1.9147620503708702,-0.045,2.245,0.1554908132357955,2.017929501518802,0.056448953774911104,1.9718188962979273
59,8.996682242200034,1.1203170239706168,9.569623476160155,2.627350587226032,10.036350000000002,3.1376999999999993,10.493592946404277,2.148757326391223,11.06796995000909,1.7108495824429801,0.0036534611163929753,1.6376694832052543,0.054538328257440316,1.92941226625961,0.295,1.5150000000000001,0.09009977826074866,2.0016627201927992,0.09616100753948409,1.851960926108502
60,8.994006125782,1.1407946149079118,9.566944376493277,2.645792804557117,10.039900000000003,3.1593499999999994,10.494252500028166,2.166596970729747,11.071798838019788,1.7351784843452462,-0.08761164180339343,1.782759093729494,0.11709003331220424,1.6642217331084916,0.355,2.165,-0.1940446376111229,2.0489644338523885,0.24288880106989552,2.047890190226605
61,8.996979211666616,1.1628280847829218,9.571010588218355,2.667798509872165,10.041700000000002,3.1760499999999996,10.490617641356025,2.1864474124669915,11.068886446207683,1.7508394809484702,0.057308588461530974,1.7683469875009923,0.2716211725079054,1.8105705315047835,0.18,1.67,-0.08848586721420659,2.0950441737244407,0.13876081878956903,1.9360996603223928
62,8.997508754957618,1.1755226964719425,9.57192967849796,2.684427617355446,10.038850000000002,3.2008499999999995,10.488505506410036,2.2067437485374994,11.070955029078302,1.7687552041158812,-0.01204567089987485,1.649461168902084,0.051909027960597154,1.6079107483281532,-0.285,2.48,0.0287865054011629,2.059633607050788,0.18185828706182505,1.9865723167411016
63,8.996339955140147,1.197312053231901,9.571855339891918,2.701251902809357,10.042250000000001,3.2214999999999994,10.48593707732395,2.2264857624920835,11.068123669041537,1.7876844649226558,-0.07687998174712352,1.893935675995861,-0.017433860604183504,1.7024285453910992,0.34,2.065,0.1031570913914468,2.0892013954584066,0.1368639963235161,2.0179260806774533
64,8.996091329593822,1.2201737601374643,9.5716297151301,2.7184119149120343,10.0393,3.2452499999999995,10.486039213348317,2.245824527854457,11.068096291062226,1.8082501159610422,-0.0048625546325462565,1.7961706905563304,-0.08256247618168722,1.8010012102677333,-0.295,2.375,0.16021360243673222,2.208876536237323,0.1872622020687995,2.0515651038386498
65,8.996073846801883,1.2396309602284514,9.566991189130887,2.7419078430941854,10.04415,3.2673999999999994,10.481728617579792,2.2724374975871506,11.072152045785254,1.8326462873858074,-0.04674827919387692,1.6807200090987244,-0.07385259992131399,1.9145928182151009,0.485,2.215,0.05894042314750436,2.2662969732694,0.20057547230285877,2.104617142476503
66,8.996559160122034,1.258438035704556,9.567105906983391,2.756262206933066,10.0418,3.2898499999999995,10.48742836451673,2.2955238337241557,11.068371932608187,1.8467956025698529,-0.021468667984771095,1.8857075476104423,0.036471785250513644,1.895436383888041,-0.235,2.245,0.24997469369373349,2.038633613700517,0.07198868229327182,1.854931518404559
67,8.991490989044472,1.276736234819588,9.567752691035325,2.780615510483885,10.043800000000001,3.3075999999999994,10.484807219173993,2.3108173243899537,11.065571487610008,1.8711615597929572,-0.05181710775615933,1.8948199115032072,0.06967840519343937,1.9603303550819282,0.2,1.775,0.002885465726313541,1.8843490665798068,0.204955500182038,2.1065957223104377
68,8.996275899435386,1.2936000659437379,9.56894931278424,2.7982831287140373,10.04185,3.3295499999999993,10.490090587809966,2.333334179275896,11.066253913178125,1.8937483734773464,0.13849103909129656,1.941383112414977,0.024662174891336708,1.8767618230152454,-0.195,2.195,0.11833686359731743,2.011685488594229,0.34324255681171856,1.8986813684389219
69,8.995878083021543,1.3137775510856027,9.565319819746307,2.817479028807614,10.0434,3.3479499999999995,10.48649061038519,2.3492266885092867,11.065840213401083,1.9079374082005864,-0.014781641384201016,2.117748514186486,0.08205069620680439,2.009590009357665,0.155,1.84,-0.11999774247773054,1.8942509233390679,0.2886300222958411,1.7889034723240016
70,8.994219820691889,1.3342380521367048,9.561660794006642,2.832515123002827,10.0384,3.3715999999999995,10.487469988852865,2.3674240466985235,11.069733004447688,1.9223195739908097,-0.030826232965324607,1.9710501051102014,0.12409742603346263,1.9186094195212626,-0.5,2.365,-0.07706215323249133,2.1097358189236752,0.19927910466054755,1.92321657902232
71,8.994474518486326,1.3564658988493288,9.565658037956004,2.8533056102220287,10.03425,3.3963999999999994,10.484771099221637,2.3874756352950444,11.069331310406852,1.9409995853010054,-0.06953022055633262,1.8477846712623993,0.2897243949361701,2.004048721920154,-0.415,2.48,0.010111036877237467,2.305158859652109,-0.01016940408350564,2.1780011310195704
72,8.995706840254615,1.3695188162938954,9.567298184150065,2.8702034881049676,10.0358,3.4204499999999993,10.490895339572669,2.414319425635263,11.06905357468089,1.9641369198874254,-0.1317678231711028,1.7752917444566645,0.10901461940607282,1.9397877882938803,0.155,2.4050000000000002,0.1324240351031154,2.2493790340218496,0.10222642740374788,2.133733458642009
73,8.996339569947114,1.3902334861324166,9.569275272812662,2.895114525302727,10.03245,3.436349999999999,10.489802901652963,2.4361315701887043,11.070999595784318,1.9857099097517337,-0.09672703075002254,2.166466983852132,0.17270886625975423,2.1261037197759385,-0.335,1.59,-0.029243791970641198,1.9612144553441428,0.059602110342840575,2.0972989864308165
74,8.998453514380481,1.4163777607677932,9.569239985879843,2.915489050410209,10.032300000000001,3.460049999999999,10.49163691062092,2.456097092650908,11.066815268468098,2.002692503898399,-0.15860555666330978,2.2044274635376695,0.11647130671807915,2.0124525107481865,-0.015,2.37,0.03840089679576053,2.06655224622037,0.0115672683778687,2.1282594146665463
75,8.997083444397393,1.4344320042813614,9.566582207617756,2.9385438316857515,10.033050000000001,3.4770999999999987,10.490729468350965,2.47181525421803,11.065645438945054,2.0221511496853437,-0.23700699830878413,1.9654243513568108,0.11422217379129895,1.9554781275542426,0.075,1.705,-0.12074422699558163,1.9918161567121908,0.14301704769573753,2.250864578694447
76,8.990045342829607,1.457559342809798,9.572397654332134,2.9560617890989938,10.03035,3.4937499999999986,10.4883912190865,2.489396014646371,11.062864644947691,2.0488668591871626,-0.20881015677868042,1.967733852843656,0.11654467143770342,1.851795741324215,-0.27,1.665,-0.033824926446456516,2.133076042834091,0.1319206002636264,2.226570950181907
77,8.98777713773914,1.471709195900735,9.570467079399707,2.97404450476506,10.034,3.5161999999999987,10.4874424386531,2.512788050889774,11.06305954942675,2.072175801429075,0.023179490953411097,1.8549853090937027,-0.16305749324262386,1.9982715666066317,0.365,2.245,-0.034878043340059506,2.139203624340338,0.2644904479059065,1.9258942241912749
78,8.991337423968249,1.4942696947376575,9.572745531369018,2.9964508000593515,10.03555,3.535949999999999,10.484853418390385,2.53140017098578,11.062817645690489,2.0944297754109487,0.1410286229108335,2.1560498836922477,-0.08215480306894518,2.155629529429144,0.155,1.975,0.06109797372847403,2.0612120096005473,0.2858096263737373,1.8803973981873572
79,8.9946389822165,1.516636922418927,9.571243985349874,3.0208678876104376,10.039050000000001,3.560299999999999,10.482502800568252,2.5554503859608997,11.070849519739749,2.11652997396741,0.0451558248250965,2.076722768126933,-0.18015460191433919,2.1367087551086095,0.35,2.435,0.1299382177866928,2.225021497512003,0.3331874049259813,1.9350198556461624
80,8.9981168523138,1.5351967762981635,9.573723948200993,3.038564375380675,10.037600000000001,3.575699999999999,10.48566181540468,2.5759623020336724,11.069761938182713,2.1315298201131196,-0.017212990270133233,2.120985387923664,-0.09200371488802928,2.0546487770237616,-0.145,1.54,0.35590148364270213,1.976191607277249,0.07624184429646519,1.7749846145709345
81,8.999967979550227,1.5609550458600736,9.570357023725235,3.05452288345053,10.036950000000001,3.595549999999999,10.482960889792821,2.597186490513651,11.069890331100428,2.146889740460846,-0.12488727635716668,2.100826956191014,-0.10669244757585972,2.0408508069854867,-0.065,1.985,0.18990743881419903,2.0624188479978365,0.06283929177142511,1.9209920347726328
82,9.001241355568359,1.5843043312945941,9.571485305074425,3.0785664775621524,10.03325,3.620449999999999,10.487279909598676,2.6212010574846665,11.073675597695843,2.172958464734448,-0.24766239818678226,1.8399285434520447,-0.03217186508097525,2.099359411162239,-0.37,2.49,0.31690198058544894,2.1764566971015853,0.048526659541566985,2.2168724273602542
83,9.000136018910373,1.6011260898007698,9.574297613444795,3.0994225466265473,10.033650000000002,3.635749999999999,10.489118500097,2.6416994944401075,11.070392585504884,2.1942781904793716,-0.30553366579861585,1.8871758506175542,0.026230837037002797,2.095606906439493,0.04,1.53,0.2538590498323643,1.8948436955441217,-0.04830121909583873,1.966972574492317
84,8.998750151308823,1.6248242405171704,9.57098867366562,3.1235573355143544,10.031100000000002,3.653799999999999,10.487833855952092,2.661104773891683,11.067731688083885,2.2139572768330016,-0.2335867601551076,2.014815071640072,-0.0658939779176464,2.088478888780697,-0.255,1.805,0.09153558550922547,1.9105279451575727,-0.011089742099828825,2.0179086353630034
85,8.995163568657862,1.643893942820374,9.574721615190688,3.1427441548282014,10.027100000000003,3.678499999999999,10.489438303267201,2.685761070032019,11.068667411907796,2.2359443220605133,-0.2736582650959791,1.8869702303203564,-0.026705847493067925,1.9386819313847132,-0.4,2.4699999999999998,0.1604447315109656,1.9956296140336036,0.043572382391040776,2.03870452275115
86,8.993588594300832,1.6601299486397352,9.571263025520658,3.167152341168094,10.031500000000003,3.6974999999999993,10.489857600220825,2.700033361505717,11.074033585410564,2.2565644522439188,-0.16749743570304876,2.0286005819361126,-0.1258589670030137,2.0008186339892413,0.44,1.9,0.036929695362323045,1.7572291473697703,0.06161735027677828,2.0120130183405553
87,8.992438515155817,1.6787799183398513,9.573923671843085,3.1867561386467713,10.026900000000003,3.7149999999999994,10.49314835840468,2.7192808191756304,11.075719497020577,2.2742064478024924,-0.05000791450149045,2.099996970011617,0.01606463224275867,1.865379747867736,-0.46,1.75,0.11907581838542214,1.8847457669913403,-0.16140883899873337,1.9541995558573397
88,8.989626372786987,1.7029967987066463,9.576993351314322,3.20096959937818,10.027100000000003,3.7302999999999993,10.490771959001,2.7391029314927193,11.068417382376422,2.2924291432015464,-0.036214236882956996,2.101688036679503,-0.023032052876338138,1.8463460731408872,0.02,1.53,0.062360059631993536,1.897211231708904,-0.23021146441546492,1.9322695399054073
89,8.99447776134148,1.7202670398560216,9.572950666949767,3.220336338709794,10.028550000000003,3.7475999999999994,10.487260078203699,2.7573703024572773,11.069217049281598,2.31636912056708,0.06013885544931874,1.877024114937532,-0.16926843645551548,1.9466739331613825,0.145,1.73,0.02881192026985424,1.8117370964557802,0.009966690517474674,1.9389977365533912
90,8.99115802004551,1.7406186588551524,9.57406027837506,3.244824936075963,10.031400000000003,3.7641499999999994,10.490488239867236,2.7705258039729554,11.065529446395551,2.3381994254428893,-0.14697412959689604,1.9751618999130756,-0.1290388574707224,2.0288597366168704,0.285,1.655,0.15281616635381745,1.8155501515678116,0.05623971139543826,1.8730304875809196
91,8.990491156398141,1.7587438900760035,9.571281445902137,3.2592838613816157,10.028600000000003,3.7869499999999996,10.490396973223088,2.789648545075222,11.070870407054985,2.350660198885073,0.03831363526313414,1.8825231220850984,-0.13788324729223955,1.8958925305652645,-0.28,2.2800000000000002,-0.04412666441470492,2.0472741102266614,0.11909606594331557,1.7110773442183724
92,8.990638295373744,1.7728228423237966,9.573195199939104,3.2815805304316776,10.026300000000003,3.8050499999999996,10.486454587720493,2.8043839032962876,11.070189583462273,2.369126392526335,0.004713897560321811,1.832895224779314,-0.008624596303355325,1.899666905006181,-0.23,1.81,0.04576144974044816,1.9685358221065563,-0.13308235927111234,1.946619364126203
93,8.994010167218445,1.7954464012650582,9.575275679579033,3.298010830060895,10.021400000000003,3.8263999999999996,10.488516950123614,2.8278144565001124,11.067918634629867,2.3921379439454884,-0.04781281552987515,1.9523558941261534,-0.11695203600710702,1.8030299629217281,-0.49,2.135,0.2362362403121825,2.213055320382482,-0.14709488324061581,1.9611551419153272
94,8.994899620337264,1.816828376199675,9.575180150534036,3.3203547207349517,10.023800000000003,3.8461999999999996,10.49083776177628,2.8480499841205473,11.06853610588309,2.4103817123587477,-0.2260546881179577,1.9281974934616937,-0.1445529044996796,1.9893890674056793,0.24,1.98,0.1470811652665862,2.11355276204349,-0.0032528746776954165,1.9143768413259217
95,8.997585003092897,1.8336494819477802,9.576447867436004,3.3376242897247743,10.023700000000003,3.8702999999999994,10.493627142497893,2.8653482842089706,11.064336207627566,2.434275952644571,-0.20146172443667254,1.8771105748105157,-0.07322830980322292,1.861956898982239,-0.01,2.41,0.11393807216120955,2.1198300088423263,0.015010174447517954,1.9244240285823366
96,8.991955863108844,1.855901832106407,9.576529975745236,3.3621415466841666,10.028350000000003,3.8941499999999993,10.497756097221343,2.8910988311040082,11.070469947946682,2.4509645216523177,-0.2829139984054265,1.9852350158626617,-0.14178916907680472,2.056725695939247,0.465,2.385,-0.05210452765491702,2.3150546895037625,0.2583740319117087,1.9188569007746477
97,8.996180433589426,1.8793468147677428,9.57507742804986,3.378376619656004,10.024600000000003,3.9169999999999994,10.49374858579703,2.9147510006507003,11.066922320914584,2.472851303926755,0.04245704805834283,2.0044982661335844,0.004745230462476435,1.8985072971837402,-0.375,2.285,-0.14075114243123998,2.2302169546691823,-0.04976270320989329,2.0086782274437294
98,8.990966877508281,1.8965528470008646,9.57418935995818,3.4032418722589286,10.028150000000004,3.9393999999999996,10.490012334353361,2.9400891271398524,11.06580912132176,2.492808704663342,-0.22135560811448407,1.9456032233121707,-0.08880680916818529,2.0515252602924368,0.355,2.24,-0.08362514436691448,2.10381264891522,0.07868004071759138,2.025740073658733
99,8.98771383002035,1.913343230718396,9.573658951033398,3.42110923127485,10.023350000000004,3.9598499999999994,10.491894715064804,2.9578606236632816,11.068168922677136,2.515667893943808,-0.01030474879310006,2.1740383717531415,-0.17304089247808152,1.8917359015921122,-0.48,2.045,0.003238071144330945,1.8721496523429453,0.04098013553769064,1.9609189280465724
100,8.991954834515012,1.9357246153330974,9.56928400435365,3.439217173601344,10.018600000000005,3.9758999999999993,10.495819250768447,2.9735739052725845,11.066421672655434,2.5348665437919764,0.03910044946611091,2.273138461470147,-0.05749466797484226,2.0307942326494337,-0.475,1.605,-0.09754642963577531,1.9113281609302648,-0.09972500217025981,1.8248649848168323
101,8.986599816636144,1.9522875348428852,9.571595029232297,3.4566608022972027,10.022450000000005,4.0001999999999995,10.496117575728237,2.9916448184482785,11.066974109160208,2.548842036977671,-0.2155017878867609,2.081291950978782,0.10610248786464505,2.0293628695858525,0.385,2.43,-0.23516750402109565,2.067091317569382,0.02524365047748134,1.8025493185694828
102,8.990207623539069,1.9782268164233483,9.576067904718869,3.4765315316446186,10.024500000000005,4.0222999999999995,10.490133017514228,3.0169383319028307,11.062437324510048,2.566659279095227,0.065780690292506,2.108928158046309,0.06728754865718933,2.0620729347415856,0.205,2.21,-0.13345582140078882,2.2843513454552387,0.02632153498399248,2.071724211755594
103,8.993045526884156,1.9999331655938093,9.57833661256713,3.502011720132574,10.024900000000006,4.047199999999999,10.48688524241058,3.0377885795658,11.068408860773046,2.5880118193521477,-0.03620966549136728,1.9656349170461027,-0.198129215173938,2.0480188487955435,0.04,2.49,0.0902224896350603,2.2300247662969577,0.1871536262997573,2.29525402569209
104,8.995382791315466,2.021694395016493,9.57254004804032,3.5234016154552816,10.029900000000007,4.062799999999999,10.486456422760005,3.0585028152091374,11.067464554918583,2.613827308921356,-0.11127355686900131,1.9811229422683603,-0.27465645268097694,1.9439895322707792,0.5,1.56,0.15711803494262355,2.1564235643337053,0.025569414553796577,2.2615489569208638
105,8.997776742798155,2.038420913470229,9.571673313357646,3.5384992618437123,10.034100000000008,4.08745,10.488523581009652,3.0839747200862906,11.07057861273048,2.6316704950198306,-0.17060485173104656,1.9826518453736188,-0.08167346826741273,1.9597646388430876,0.42,2.465,0.15671582496468695,2.1371904877153423,0.15140578118972492,1.9743186098474261
106,9.0010325975091,2.0558228656727318,9.570739929300883,3.556034314401268,10.037050000000008,4.11185,10.49018812510806,3.1037945984874615,11.06718196797888,2.650553256802931,-0.16941452890542763,2.1551952202502775,0.031661594323679765,2.083505255755588,0.295,2.44,0.11645440984097277,1.9869878401170977,0.11033552483991294,2.0082761783100143
107,9.00291189506291,2.0769560715852773,9.571824797542575,3.5769811633875213,10.041900000000007,4.133649999999999,10.490385719870744,3.1271936302953507,11.0700636093901,2.6673957440566465,-0.2420702446190326,2.2333205912545466,0.08848682416927733,2.179684898625338,0.485,2.18,0.05475947626833921,2.0449031807888955,0.3281641411219187,2.089248725371572
108,9.000946840132247,2.1009352904011114,9.568998262276658,3.5937790880606064,10.037400000000007,4.155799999999999,10.494195220167281,3.1490218933341865,11.069967491745645,2.687843086121873,-0.20650549306630595,2.22792188158342,0.05734647340818855,2.1247924673085166,-0.45,2.215,0.015950029653723163,2.037826303883591,0.1603882355544286,2.1897342065226635
109,8.997356345527212,2.124250957754301,9.57421709528977,3.616825834757899,10.039250000000006,4.177699999999999,10.49196790774952,3.1739250808898,11.067228759291291,2.7124765129846042,-0.21404946050360074,2.106566735318969,0.19188330131119669,2.269674669729298,0.185,2.19,-0.037731241776006286,2.0653187555613304,0.19612675456452777,2.2783426862731258
110,8.999167272609089,2.1433484835074763,9.573587617895965,3.6412294230904116,10.040050000000006,4.199699999999999,10.487810874499763,3.1893447698406363,11.072684688928472,2.7377115591543784,-0.033907291812335316,2.139752575317514,-0.027947739380477454,2.260358833251254,0.08,2.2,0.009296675024224044,1.916968895083638,0.27059296371811214,2.1985046169774094
111,9.000324484075243,2.16538098384102,9.570182686624118,3.6662579172060736,10.040000000000006,4.214999999999999,10.485216878162337,3.21322667181156,11.068047606988463,2.754675928804143,-0.09927885338456566,2.183250033354378,-0.04049312718461229,2.257849411566194,-0.005,1.53,0.14060036625739158,2.0231901970923607,0.03129180599914427,2.1014369649764966
112,9.002358454395539,2.1837810357864536,9.57203008576513,3.688525061958603,10.038150000000007,4.234699999999999,10.491746905618838,3.236817644452618,11.06875213607241,2.773558927623862,-0.2016029679704454,2.1600051945433343,0.014739914101218776,1.991714475252933,-0.185,1.97,0.233002745650138,1.8640972641058546,0.24545290839463085,2.2382998819718907
113,8.995769013321171,2.2072160046995073,9.574492672897591,3.7115837806658845,10.039500000000007,4.259399999999999,10.48806504464156,3.251593660804892,11.07294433488259,2.801633226727551,-0.2439441074368407,2.2784968913053696,0.021258713246187444,1.9158718707281532,0.135,2.4699999999999998,0.02681390227220426,1.8826016352273802,0.20421988101808175,2.387429910368917
114,8.99203923105629,2.231105582524873,9.576980992508071,3.729589636736642,10.034600000000008,4.278899999999999,10.48590057261339,3.276489649667019,11.068135145410222,2.827188090318663,0.022021773511932352,2.1839577825365897,-0.1411680389519714,2.0355856070757534,-0.49,1.95,0.21855279718299414,2.109598886212736,-0.0459189472368049,2.1054863591111594
115,8.992818490775203,2.250285052051126,9.57480616501956,3.750739505935158,10.033750000000008,4.298099999999999,10.490898085525174,3.2995883490499374,11.069863297423929,2.8512153568921574,0.06792597189129346,2.1679469526252753,-0.28748274885121017,2.1899869198516213,-0.085,1.92,0.2097512911784385,1.9098699382918465,0.14781520137062643,1.9227266573494646
116,8.99123533461687,2.270552354453534,9.575427062107504,3.7742143371721,10.036600000000009,4.313399999999999,10.495378642818409,3.3155958840231694,11.076457890812533,2.872242587512332,0.041684384166763344,2.2967302402407963,-0.12291029120542962,2.222483123694228,0.285,1.53,0.05805572932355041,1.7257534973231898,0.17445933886030573,1.8177230620174445
117,8.994581663359968,2.2899368966461044,9.574341681546166,3.7939034489560295,10.039200000000008,4.328999999999999,10.494759246174418,3.332793449154759,11.080235016408642,2.8863579370656303,0.19963287430964272,2.2384542192570436,0.011461943866073021,2.1039111783929156,0.26,1.56,-0.031939664399173395,1.7697565131589457,-0.017287440389091913,1.7415349553298238
118,8.9963519937796,2.3119957373881888,9.574446193681695,3.8157562116480785,10.042250000000008,4.351699999999999,10.49630303688108,3.356548027919333,11.07453881716055,2.906978822096651,0.122033041963169,2.135884074208448,0.07545121355294349,1.9902762692049207,0.305,2.27,0.03437907066619417,1.9604578764574416,-0.07961992480913871,2.017088503102052
119,8.997385270944937,2.3363449793577455,9.577248280387296,3.840277225045527,10.041300000000009,4.3683,10.499345572031437,3.3722832338458497,11.073541015529237,2.9326304504370615,0.10332771653370099,2.1499241969556717,0.07520867056025882,1.9871013397448665,-0.095,1.66,-0.010746484964293757,1.853520592651659,0.15521983686879004,2.095162834041087
120,8.994913580102638,2.356153368360825,9.575269711725268,3.862680863766184,10.039600000000009,4.3858,10.5009785226148,3.391345385032664,11.072352063051445,2.951125323921341,0.0928309157701781,1.9958389003079269,0.0071431337970961906,1.9353638720657176,-0.17,1.75,-0.171704941663835,1.9462151186814225,0.15610475222086606,1.9294873484279726
121,8.992258584330452,2.3791853417734705,9.57125300960468,3.8827736585569834,10.042800000000009,4.40405,10.497130726865278,3.4144415832069543,11.073599209837566,2.9679831029983115,0.13950042278142227,1.9781973412645666,0.07332978794121114,1.8392794790799303,0.32,1.825,-0.32977957495215904,2.0046198174290577,0.18471467861209234,1.9957779076970557
122,8.992646019232316,2.3938195808389566,9.571867091900883,3.9023253052140134,10.042200000000008,4.4211,10.491550679092784,3.4300847586213816,11.073085284586613,2.9886647124131076,0.22874349018643336,1.8834239065486074,0.15140822962019396,1.7351646657030155,-0.06,1.705,-0.1780047772493667,1.7593175414427105,0.08360747490477927,2.0281609414796193
123,8.996494951637866,2.4179653916611725,9.570489296275841,3.916202949689155,10.039400000000008,4.4436,10.496330239950918,3.452201263510739,11.069958959445641,3.006650325956034,0.1748932405549244,1.9995810822216082,0.05722043749587158,1.7727644475141484,-0.28,2.25,0.00295608581344986,2.01165048893575,0.10236748590278921,1.9435613542926582
124,8.996303838036733,2.438659359822756,9.57351195148682,3.9367870635843194,10.042900000000008,4.4673,10.491810967198713,3.4679092381605408,11.075203042080789,3.0294552188965773,0.0008886398867486989,1.8343968161583355,0.1722655210978199,1.9384113895164554,0.35,2.37,-0.13192727522043945,2.0207974649801637,0.24940826351472545,2.055489294054304
125,8.995316953182941,2.4612075396489574,9.573592678059892,3.953240542063986,10.04255000000001,4.48685,10.492368798141262,3.488619486865782,11.073042465499487,3.0443887769108247,0.08131151462091513,1.7798179826201412,0.008072657307245823,2.0103478479666252,-0.035,1.955,0.060783094254977854,2.1910248705241138,0.05894234186984981,1.9133558014247303
126,8.995144100906764,2.4809172413061766,9.577600018226814,3.973198224402095,10.04705000000001,4.50235,10.493100965839613,3.5128295844159165,11.070483193471132,3.0609755850679337,0.10771477238222626,1.6259701657219363,0.0007340166921023794,2.0207682338109465,0.45,1.55,0.0882167698350873,2.0960097550134567,0.24407279716447405,2.0486808157109184
127,8.997318537813852,2.502029324455518,9.573560558930842,3.9899274475880717,10.04680000000001,4.5182,10.496788655532145,3.5368292076416754,11.072593232493912,3.078787044842588,0.2224436907088574,1.6612083149341412,-0.11894592959733563,1.9379223185976464,-0.025,1.585,-0.02123103074678845,1.8999623225759095,0.34600390227806166,2.0861459774654243
128,8.996956561586414,2.5165307310458016,9.575865292368494,4.007948321324001,10.04530000000001,4.5349,10.495506803178149,3.552979004022753,11.079015702363831,3.100985901016076,0.13380237725617938,1.6351406590283926,0.10047334376525896,1.9320873735929083,-0.15,1.67,-0.07818523539960864,1.609979638107732,0.24724698699203884,2.0548856173488055
129,8.999204251337963,2.5375760021516856,9.57657926089384,4.0287105260871865,10.04530000000001,4.55105,10.49591936950152,3.571836227241094,11.081851619629743,3.117085303743636,0.15476897515488108,1.7645271105884088,0.05639685253463034,2.026220476318533,0.0,1.615,0.05125663233718214,1.6907223218341123,0.03359172659123999,1.9749402727559833
130,8.99874131559808,2.5563101647333375,9.579307504107465,4.05014130381585,10.04970000000001,4.5661,10.499828635813554,3.5853573694762284,11.087395592619695,3.1356133516787272,0.09370642601173262,1.6634162581652099,0.05282432136249815,1.9030777728663701,0.44,1.505,0.10592663120340617,1.6271142235134102,0.05939729899519186,2.0878047935091466
131,9.000687981968184,2.5755447733216723,9.57851204350805,4.068576682930295,10.050950000000011,4.58555,10.49958888934492,3.600863811807165,11.08430421663276,3.1536943048744392,0.24966663701033998,1.5784608588334965,0.08545394005844775,1.808537911444461,0.125,1.945,0.02602535313663168,1.830644233093654,-0.11913759869348262,2.0980953195711933
132,9.005473141095445,2.5904433288496964,9.57499505636143,4.086809442457801,10.05495000000001,4.60905,10.497039771583703,3.6235164896661143,11.08778505767428,3.1751279597432456,0.18351591272604129,1.4998555528024138,0.13330128533797625,1.7832759527506137,0.4,2.35,-0.039911776121723364,1.9602677858949207,0.028084104152053868,2.1133654868806175
133,9.008089604275382,2.605609583419326,9.572629463747237,4.103538096072302,10.057750000000011,4.6244499999999995,10.494223389479412,3.642684007350645,11.091686899796315,3.1905347888169393,0.046646317993731756,1.7416254569629501,0.25344073858058813,1.847865361450062,0.28,1.54,0.04336178957097836,1.6967517684530948,-0.08481578779650079,1.9306829073693788
134,9.003711399975437,2.6215793453993386,9.577707947266509,4.124093423922922,10.057750000000011,4.644049999999999,10.498508588187109,3.6578026318273755,11.085230756532233,3.211593646971373,-0.02282042999443945,1.8219761980012592,0.2728483519271361,1.8105327850620725,0.0,1.96,0.24351987076973458,1.656862447673035,-0.16561432640808071,2.0608858154433864
135,9.00590107961067,2.640806700495618,9.580469941396967,4.142328359352825,10.054750000000011,4.666649999999999,10.49651315530396,3.675738433067923,11.08403818845742,3.2344264618840888,0.17896796352336342,1.8977355096279425,0.15619941304568208,1.8084935429902589,-0.3,2.26,0.11045671168516336,1.8535801240547078,0.02074319251866008,2.0032814912715686
136,9.007166780385806,2.66367780949206,9.577757359805384,4.158395687039601,10.05790000000001,4.687599999999999,10.494494751635525,3.693269548817763,11.087985904828237,3.2489909393590395,0.06157007751355348,1.9171108996442179,0.023741840841705386,1.9467327686775846,0.315,2.095,0.11315963315651345,1.9781115749840241,0.08477163708161584,1.8664477474950587
137,9.01121760843408,2.6814290428522582,9.57987191803369,4.178095233594439,10.06100000000001,4.711349999999999,10.498196258638512,3.717316074366687,11.09005571291591,3.2727927017035388,0.04508280482751026,1.6951233360198206,0.14145582283075742,1.954954655483827,0.31,2.375,0.275150700298596,2.0996525548923515,0.05698080876733336,2.0501762344499053
138,9.012410901864856,2.702507714417951,9.580867602709388,4.194174122613333,10.06345000000001,4.735349999999999,10.49984851455934,3.7376416103113534,11.091705974763391,3.2879772047297164,0.004329343077599468,1.8928671565692419,0.16456846756977184,2.0628889018894667,0.245,2.4,0.19522559208277812,2.0375535944666723,0.05002618474802745,1.8834503026177902
139,9.009688510624695,2.7162515565962475,9.587177523197722,4.218483971170216,10.06045000000001,4.759899999999998,10.507379518272398,3.76219765698634,11.090543188067079,3.3069985555107673,0.027760875983991795,1.7993842178296937,0.1509920488335008,2.0759848556883163,-0.3,2.455,0.268100371305767,2.010604667498635,0.04372133036872583,2.107135078105088
140,9.013614491206363,2.7326787976011775,9.589755501526383,4.233997661033729,10.05840000000001,4.778249999999998,10.512993802844564,3.784389173422987,11.095456380715115,3.328965946188167,0.17259805816678497,2.132724100493018,0.09779783286608046,1.9263689863512643,-0.205,1.835,0.08642845721662695,1.764151643664702,0.13131926480367895,2.0167390677399837
141,9.013261933369463,2.754384017897857,9.593565293281843,4.256631465041112,10.05930000000001,4.797699999999998,10.51229659188402,3.8024777635365785,11.092633944577363,3.3506359328505333,0.07474421631005335,2.28552202966795,0.1409791755460592,2.0983804007382902,0.09,1.945,0.015278903945562305,1.7088590113591495,-0.012243613775151374,2.00699866623661
142,9.015353681192357,2.7814741668941187,9.598360434828255,4.278828475225854,10.062650000000009,4.818949999999998,10.509099698731285,3.8241371672199413,11.097296989470616,3.3672016960249787,0.12417478228935952,2.224014899626191,-0.0004858453587930356,2.094701018474228,0.335,2.125,0.11031068472659733,1.915940368336261,0.15130448932528928,2.0615763174445565
143,9.013959459950271,2.8059600783440004,9.600958867872029,4.299257785140807,10.063000000000008,4.841649999999999,10.515055434176466,3.8471611674045763,11.09838541687269,3.387511959555837,0.1455778757914965,1.9785911449881795,-0.21015669562262174,1.9979309914953518,0.035,2.27,0.30057354451800933,1.987400018463485,0.05884274020732505,2.246026353085826
144,9.01177696842521,2.8264902043919555,9.599134561863323,4.31443537496548,10.058100000000008,4.857099999999999,10.519266817118401,3.860930988652816,11.097426721957653,3.4041977362822426,0.26675084749389466,1.8830126047955016,-0.20243060087052012,2.007758982467187,-0.49,1.545,0.07113829419355255,1.8119821248239578,-0.04086949150368646,2.113577672640572
145,9.01285934114807,2.8445262944603633,9.598705669028465,4.3346733897482705,10.055300000000008,4.880049999999999,10.516217695016483,3.876676281327993,11.095060315037424,3.425863874955129,0.26823727228609684,1.6836090068407952,-0.05288928348582678,2.0588014782791055,-0.28,2.295,-0.07991221019177885,2.0445292675177154,-0.08164069202286584,2.231613867288619
146,9.013586634361683,2.8601574906097476,9.595445308957826,4.357752798349989,10.058000000000009,4.8958499999999985,10.517593762693435,3.8921120469120165,11.090982316951985,3.448002770351383,0.15272932136125217,1.708119614938429,-0.10103600706391669,2.077940860171916,0.27,1.58,-0.057393232304669084,2.0435765584023233,0.0422001914560326,2.168889539625411
147,9.016550360817325,2.879508522400089,9.59970680445632,4.375872989339684,10.061000000000009,4.917599999999998,10.516551681084534,3.9175271720325155,11.091117560308003,3.4657831160819317,0.13637264556411122,1.815103179034141,0.03614954984938645,1.9920190989695152,0.3,2.175,-0.04420816089008994,2.2115125120499206,0.2635243356019039,2.0680345730548915
148,9.013758715380893,2.8952270665486077,9.600645374866703,4.398270937736927,10.05920000000001,4.932849999999998,10.513336466596048,3.940561571068099,11.088280411869544,3.4900570906424635,0.11583545635685244,1.9018544148518917,-0.1561429589616239,1.9897948397243548,-0.18,1.525,-0.006521448848667788,1.8784399035583297,0.1962851561540706,2.1223974560531733
149,9.012966331198712,2.9205312993539208,9.594908290972596,4.414914564862031,10.06340000000001,4.952849999999998,10.508839670367838,3.959128136782385,11.088868179238766,3.507426635218925,0.16576158178181455,2.150423280531312,-0.2737083894107477,1.9993627125104125,0.42,2.0,-0.044679622821067966,1.8566565714286511,0.2887767369222658,1.9569544576461748
150,9.012736289825003,2.9429023813281328,9.588810354968201,4.436557137630804,10.06165000000001,4.972199999999998,10.507276932469527,3.978680378056212,11.086861831969387,3.5237081941937056,0.18199586262911893,1.887108197421215,-0.15979360043950352,2.0692572768772597,-0.175,1.935,-0.00627378983108251,1.9402241273826686,0.18436527306215922,2.093155897478054
151,9.009271654033876,2.9653725208230126,9.593086467263959,4.458371672538744,10.064450000000011,4.995999999999998,10.507264623510727,3.9978886188385396,11.088311831091948,3.5416865172192686,0.08853642088723213,1.767013949488005,-0.022388770424335735,1.961453490794022,0.28,2.38,0.07876910411998139,2.070824078232775,0.3199999122561614,2.2978323025563014
152,9.013281611185974,2.9823766726899037,9.59499604812849,4.474784585008302,10.068750000000012,5.017699999999998,10.507047901088987,4.01897749252398,11.09170375022258,3.5655178124646945,0.300995715209722,1.6704151866891,-0.12404191354686267,1.8712912469557845,0.43,2.17,0.14332775782590979,2.0738873685440247,0.3641919130632463,2.2881295245425974
153,9.020604993164488,3.002417952136051,9.58940520424461,4.497585256592064,10.069300000000013,5.035199999999998,10.511270450184517,4.040953188026721,11.094397826672031,3.585869275224777,0.25733819785148526,1.814127944614718,-0.10408438838804956,2.0650671583761704,0.055,1.75,0.1222549095530443,1.992569550274105,0.2794076449450724,2.195146276008243
154,9.016908691980252,3.0233580381443557,9.595150237808763,4.522321289016628,10.071800000000012,5.052399999999998,10.511826197185542,4.055524508927806,11.093046707917704,3.61119445373213,-0.004630118423619045,1.8590086008304993,0.15450335641537416,1.9736032424563836,0.25,1.72,0.09057470010240642,1.8971320901084372,0.25488812456723764,2.2575178507352955
155,9.022314156577192,3.0410201263462255,9.59416629995717,4.540962677939688,10.073150000000012,5.067899999999998,10.513596515224116,4.07423276618466,11.093786446235386,3.6285663192117266,0.21554645969393604,1.806208820186967,0.006606214840677804,1.8991388923060066,0.135,1.55,0.07203180385732288,1.9558257256854326,0.3539738317682062,2.0021865479596492
156,9.02175303429792,3.059073362184146,9.591719034144308,4.556256280970002,10.071850000000012,5.085799999999998,10.517905737938836,4.09041121954069,11.093265580065006,3.6488489287182975,0.05388777207279638,1.8203235837920548,0.07527341871379889,1.854360303031422,-0.13,1.79,-0.024077728527881703,1.9278453356029992,0.32791338296204486,1.9732609506570835
157,9.025913408155017,3.077104350681602,9.590439139724458,4.571310138309127,10.068100000000012,5.106849999999998,10.514021511521632,4.111550918468096,11.100331708375204,3.6635047234534155,0.05603738570968542,1.7930988497455935,0.27201055801497587,1.9803857339124713,-0.375,2.105,-0.15842264172040998,2.0339698927405525,0.251612831019731,1.8605794735118035
158,9.027882472656037,3.0906856596219203,9.59367029562192,4.586965495850192,10.063800000000011,5.128499999999998,10.519431199870892,4.134649077039992,11.099970195321717,3.686530378154765,-0.1630935498980115,1.8031308940318524,0.2981155897460739,1.995535754106494,-0.43,2.165,0.11596883492602572,1.9198158571895991,0.0038486946512392706,1.9175654701349831
159,9.025649558067778,3.116053367810476,9.591438800135851,4.607452877614801,10.062950000000011,5.149499999999998,10.513346859274023,4.153108467956797,11.095154289049834,3.7048383703601893,-0.243291458825853,2.0967708188555534,0.26685045139317554,2.228738176460842,-0.085,2.1,-0.12343405968689325,1.9209390916805864,-0.07659062718832566,1.8757992205424188
160,9.026474746464737,3.1340995570798538,9.59668719349069,4.6342242410218955,10.06775000000001,5.172599999999998,10.51178911096838,4.175378989233649,11.101027715028103,3.7262398960371015,-0.2524811603040229,1.8646189269377977,0.20483933548386624,2.1771363407095046,0.48,2.31,0.1292251694356228,2.002052127685163,0.19734259782690167,2.065152567691241
161,9.02729679428897,3.150397796225695,9.594868507253066,4.6547055479802415,10.064400000000012,5.187899999999998,10.514742078783994,4.188461472745799,11.0988738923438,3.7460578252124264,-0.14779521757666902,2.0398239145841277,0.04313137623763197,1.9881306958346294,-0.335,1.53,0.2152967815615483,1.7782483512150424,-0.0503822684302051,1.9617929175324935
162,9.027086673523458,3.1726960139891345,9.598709611358203,4.669995975092803,10.065250000000011,5.207549999999999,10.512294499702824,4.21271050218849,11.096977581088769,3.767628959452891,-0.236012076551253,2.0448217763439267,0.1441104105136901,1.959042711256172,0.085,1.965,0.16524209188299643,2.0399029442690804,0.040368874496946816,1.8971134240464824
163,9.026907708711642,3.1909293204680003,9.600211548173524,4.6889351988827395,10.06625000000001,5.228349999999999,10.519128851242522,4.230925757639124,11.097916516299305,3.781058557316415,-0.20289648118156123,2.018330647886586,-0.044806318467818684,2.1189223789936724,0.1,2.08,0.2534351539698676,1.876525545063373,0.19889352105357894,1.8129597863523852
164,9.030456006991374,3.211093610338799,9.605110836121678,4.709033511313396,10.065200000000011,5.250749999999999,10.525203157555053,4.2546525219027895,11.10276082817704,3.79675695513589,-0.12017017202686464,1.9814289870798962,0.0699287948154459,2.0348312430656823,-0.105,2.24,0.1524306312530097,1.9926764263665895,0.24443118777350392,2.0598397819475345
165,9.033300053031992,3.2321777681441644,9.603869110197035,4.7329267736208545,10.061300000000012,5.275049999999999,10.524804239836453,4.279321601482567,11.100317314143057,3.8227506753085003,-0.16559539593817263,2.0034157805365425,0.07582740753557804,1.9693262307458288,-0.39,2.43,-0.009891771860095488,1.966907957977778,0.005648596601639966,2.324372017261025
166,9.031471116740667,3.250220486299006,9.609028819231659,4.749153494388052,10.059350000000011,5.2924999999999995,10.525777793770391,4.295042669875247,11.102612655749134,3.845627195142517,-0.35289362913244915,2.139271815484193,0.0809709034623105,1.9726720767197943,-0.195,1.745,0.06735539339397079,1.722106839267969,0.09453416060764397,2.0076519834017024
167,9.024400261103281,3.270041124229446,9.608126031871839,4.7696571363550095,10.059850000000012,5.3115499999999995,10.523316609635652,4.311372247263196,11.097530853395487,3.86356601382774,-0.26208556373853664,2.1370637930439926,-0.12027873598200856,2.130364196695795,0.05,1.905,-0.006118413474030859,1.842957738794853,-0.028180235364768436,1.9088818685222524
168,9.020292213715644,3.2874525262694725,9.610381256211317,4.786120331710968,10.061150000000012,5.333699999999999,10.52734679242364,4.329212959791216,11.095532262172693,3.884661683111975,-0.040804738763790205,2.06114020400266,-0.20947756605212886,2.0563195355958657,0.13,2.215,0.048018278798787506,1.9590712528020529,0.21014087772067924,1.9045669284235007
169,9.02243522485807,3.3072086059234986,9.608801870063841,4.8114446454138315,10.064550000000011,5.352899999999999,10.524880989969345,4.346383428628711,11.102511481070426,3.903512892474845,0.1693011142426597,2.115607965402626,-0.20293861474763997,2.202431370286282,0.34,1.92,-0.12158024542947032,2.017046883749405,0.3129218897732571,1.9601209362869731
170,9.026436812659044,3.323513108049435,9.60627875658726,4.833195320568302,10.062350000000011,5.377599999999999,10.529287904347887,4.3690771276936005,11.099573427333091,3.9280483024113653,0.1401587800975248,2.095450212593617,-0.11731134765805562,1.9850675154469686,-0.22,2.4699999999999998,0.0006914378542468569,2.1343699064889776,0.06619462626643369,2.028540993652049
171,9.024382589640325,3.3456639081388277,9.6026241114466,4.853740346284877,10.060650000000011,5.401749999999999,10.525283337293411,4.392994386960905,11.104780788051018,3.9463369723530395,-0.04542230187189933,2.3500800089392637,0.014535485934052073,2.059502571657606,-0.17,2.415,-0.2554567054476298,2.1417259267304605,0.07573607179267228,1.9288669941674321
172,9.02499462103989,3.373252953828757,9.602086689446226,4.873794905743497,10.059550000000012,5.417449999999999,10.526792484776719,4.410357685666925,11.100399111668288,3.968341634833441,-0.04379686004361982,2.3339045689929225,0.10125779996267914,2.0854559458620088,-0.11,1.57,-0.07908525166923397,2.0713298706020193,-0.11316763827291787,2.0304662480401614
173,9.022012702706313,3.3887082229441665,9.601173292831945,4.8993366906435405,10.058350000000011,5.436099999999999,10.528983085881531,4.427251270525903,11.101895812664777,3.9880140265621984,-0.0931918333575954,2.02052691154098,0.09366033857176737,2.064178490004344,-0.12,1.865,-0.20593988951881315,2.0643584858977357,0.02467009964881406,2.0172391728757404
174,9.019628475241205,3.4121665329207524,9.606505343719766,4.9207388331286275,10.057800000000011,5.451949999999999,10.528264658571143,4.447430597197295,11.099974410604121,4.009397022400075,0.0015772534893505608,2.1608309976585947,0.15320508878213657,1.8952142485086725,-0.055,1.585,-0.18184273103891258,2.162932667139213,-0.01714020606564759,2.058299583787658
175,9.017356364913404,3.430739808906108,9.610228994056671,4.935425079086604,10.059000000000012,5.467199999999999,10.522987661335087,4.468734496006518,11.099767221894329,4.032353518444096,0.11778896721976384,2.0473275985355404,-0.07263496630943811,1.8436245957976474,0.12,1.525,-0.11769972360554881,2.035389880922345,0.039281129020732664,1.8656496044021331
176,9.018298813127373,3.4486991620009473,9.61086855812431,4.956535817936034,10.057950000000012,5.485549999999999,10.524359413208407,4.486652630900515,11.101551813288426,4.050521692798008,0.22424482139696433,2.1059353094839235,-0.2910435932361297,2.026073884942993,-0.105,1.835,0.07717518733190332,1.921813489399737,0.048459139409748886,1.756817435391234
177,9.022528893726188,3.47282900788205,9.613559466674843,4.974874838165646,10.061000000000012,5.502499999999999,10.524689893406,4.5021773359996,11.106349860599506,4.069131419801055,0.19300805988139924,2.1279845881102943,-0.23090914494660542,1.9739020229611808,0.305,1.695,0.12304801975931312,2.0124705099085087,0.0698047311080181,1.8109727003046636
178,9.022982575563615,3.495435368282632,9.611407761043218,4.997504341900817,10.064950000000012,5.521099999999999,10.526658107484867,4.524383966898639,11.101720556715165,4.092560705715395,0.1353681837428038,1.8656360400581864,-0.28517056316262535,1.9979503735171167,0.395,1.8599999999999999,0.11682140788662565,2.1956630899038183,-0.0279303884340365,1.9179285914340376
179,9.022846744340566,3.5099353442446732,9.613185879154749,5.0197003424088145,10.069500000000012,5.539049999999999,10.530681958982207,4.543424051051835,11.09986161206155,4.111358677456975,0.16141687769505175,1.8549975962041252,-0.21218818884693436,1.9396000507997435,0.455,1.795,0.03738514973404605,1.9840084153196074,0.2591055346385165,1.7797971741579595
180,9.02633426044949,3.5310930439100323,9.615143936111744,5.039808973860323,10.068350000000011,5.560299999999999,10.525500007573363,4.5649998569784564,11.10143966588955,4.130959691138378,0.27875161089234,2.035769966535929,-0.17919430430041583,1.8458631451508172,-0.115,2.125,-0.053195140884405134,2.062580592662136,0.28280538279993195,1.8401013681402922
181,9.02845330760791,3.553293302187515,9.610881732533539,5.054570795227636,10.066200000000011,5.577299999999999,10.522622786715992,4.5892920647691025,11.10327550513744,4.149015395165004,0.12690471584205376,2.0200258277482916,-0.31122035782048263,1.8561821367312663,-0.215,1.7,0.06727791426283503,1.984220779064584,0.1435839247889117,1.7505704026626212
182,9.029813964704138,3.5777891643397224,9.608485011666701,5.0742734064395085,10.069150000000011,5.599749999999999,10.528030964527552,4.609037102550788,11.1039942518861,4.163602655403504,-0.038934290377121705,1.949586215220755,-0.19467208668374747,1.9952611211872742,0.295,2.245,0.14081778115594012,1.9645037781685808,0.16687467486609187,1.8687260238500123
183,9.033222119271015,3.5995691303858948,9.609096575928467,5.096834142797184,10.07320000000001,5.6160499999999995,10.532293071799971,4.631151617242832,11.111368829607025,4.182388830009274,-0.02418454331225295,1.7329966046172185,0.021156426176511367,1.9260736357675605,0.405,1.63,-0.003789272758043083,1.9564514692043495,0.26245777209258137,2.0886174605770513
184,9.03715817841078,3.6149925881786675,9.605796310486248,5.11711043762964,10.074400000000011,5.632,10.528029786773345,4.648450824304507,11.108513922523095,4.202875674909632,-0.0213940860235029,1.6973457792772937,0.159973455778192,1.7776294832455886,0.12,1.595,-0.11632850266269479,1.7349207061674772,-0.025490708393016703,2.068684490035805
185,9.03987293509815,3.6316936880112354,9.60340577445427,5.133501707479826,10.070350000000012,5.6506,10.526738393430708,4.662001496357579,11.111258559499614,4.225367248252636,-0.20352433126286584,1.8101099832567744,0.19594639680211,1.739126985018523,-0.405,1.8599999999999999,-0.024139334263745482,1.7400672053072386,-0.01053630234809333,1.9491573343004127
186,9.033864145756914,3.6546362061624573,9.605078106528376,5.149205851822424,10.068550000000013,5.6659,10.523692903214323,4.684663816712923,11.109043838478344,4.239166392529305,-0.385878934123717,1.8192518151221755,0.21723320741052543,1.9054144342598311,-0.18,1.53,0.040450978361430856,1.9162320355343114,-0.17647210212694908,1.774914427666907
187,9.035822936124273,3.666976281353213,9.607805462861894,5.167672347070042,10.071150000000012,5.6827,10.525121695543378,4.702645477580053,11.108674641305068,4.258655735346147,-0.21912096326415753,1.654007519075579,0.10773563335168257,1.8466495247617676,0.26,1.68,0.18287923290551156,1.6481660867130792,-0.016919717327631645,1.8689342816841634
188,9.030801191624185,3.6886530014970145,9.611761485838674,5.188868494098376,10.067750000000013,5.705699999999999,10.522997758608138,4.717221247113411,11.111101166959116,4.279728656439649,-0.21217445000872548,1.8726720143801305,-0.004397702321988994,1.879614702833404,-0.34,2.3,0.17760630647595832,1.8025769533357963,-0.0723474345952102,1.9472921093501867
189,9.034884376917221,3.7018274382281082,9.611786076797198,5.207692595921637,10.065550000000012,5.728149999999999,10.521416597672108,4.739555478793285,11.10426124253837,4.2972643417228555,-0.0616814706963984,1.7474436731093554,-0.12254090414745278,1.8324101823261607,-0.22,2.245,0.3018839063969132,1.9084231679874097,-0.19899244207462985,1.8435685283206773
190,9.032179662549698,3.717639813899989,9.605400537720644,5.2244086108970365,10.060950000000012,5.7452,10.523567842073247,4.756707295637365,11.108424378743297,4.315505391941971,-0.27547143675235297,2.011237567188074,-0.2185539076554175,1.8066014975399254,-0.46,1.705,0.15512444011389626,1.7051816844079957,-0.05868637950730182,1.8091050219116145
191,9.027093984661706,3.7431261866064567,9.604932659040013,5.23954138267006,10.057300000000012,5.76755,10.526881170613041,4.78074726883774,11.101486980195594,4.33018389601618,-0.28856778879916334,2.0686372706467786,0.018212131936896636,1.8932771773023491,-0.365,2.235,0.08133285397956769,1.9339973200375615,-0.2537398547704015,1.8428504074209293
192,9.02983798913773,3.757527970996211,9.609355014296488,5.254428934521788,10.052400000000013,5.7924999999999995,10.523333465047832,4.802119460312731,11.102761409069851,4.345893695538895,-0.17559955239757752,1.8601784389754314,0.08223552564753689,1.9137551851727959,-0.49,2.495,0.00022944347900732964,1.792219147499127,-0.08755711257429155,1.9159799522714902
193,9.023843715841371,3.7821882679555463,9.608869888519637,5.274875760351313,10.048250000000014,5.8165,10.519846544011038,4.819927112514071,11.102407696798442,4.363470096350526,-0.33442732963600363,2.0260296959335165,-0.16851257768522654,2.044682582952582,-0.415,2.4,0.08630789632061209,1.900765220133935,-0.2553712271408468,2.137640081163095
194,9.022271764650018,3.798680226153689,9.609158331009873,5.293177037397798,10.045950000000014,5.84005,10.520844703660728,4.837255102457516,11.09551582384799,4.381885488588808,-0.21719511913542888,1.8141958198143033,-0.22615575097646845,1.9901277046484216,-0.23,2.355,0.19981596496908516,1.9777989943445213,-0.2741872950452038,2.1815392238282296
195,9.023601941252638,3.8146809499563976,9.605846678163328,5.311060234546932,10.042300000000013,5.8568999999999996,10.519029930660217,4.856965551487154,11.091009150963007,4.407906496535371,-0.21198233973801983,1.8800723802708585,-0.24116528465456133,2.013319714913476,-0.365,1.685,0.04352269994890179,1.9460449029638403,-0.12566728849816933,2.1421007946562796
196,9.016149777385799,3.840141745223217,9.603941433566133,5.328790144267353,10.045050000000014,5.8774,10.52094998675807,4.879105166873153,11.08854715257032,4.423236933289023,-0.38021638668383684,2.0560795266819145,-0.26052445971946536,2.207990972042065,0.275,2.05,-0.012994390214686291,2.0489615385997952,0.05880016073129113,1.9430436753652724
197,9.012968936561501,3.8586484256720714,9.604920507207833,5.346947919198855,10.049850000000013,5.8995,10.523268436356215,4.898640724943992,11.08920173108413,4.440036550169842,-0.07808408242983855,1.83566804488545,-0.21709263582993765,2.1807774931501323,0.48,2.21,-0.0981550401856559,1.9935558070839603,0.24045785138106268,2.0699616880819427
198,9.01941050567114,3.8812059836684685,9.599337747027997,5.365602886622797,10.046150000000013,5.91785,10.517722619943616,4.923766423083348,11.08718027497826,4.4631456068564015,0.14415691096383032,1.8457557996396936,-0.14827601798350942,2.2104967423942212,-0.37,1.835,-0.23958164125986592,2.02756981393562,0.09285438941310886,2.170905668655923
199,9.021910367750687,3.8968637541085807,9.601967158223356,5.383796517258576,10.049600000000014,5.9407499999999995,10.513360444564485,4.942267203382037,11.087556786639759,4.486853883678244,-0.2450137920452775,1.855777044011207,-0.052058880464100454,2.2593630635777995,0.345,2.29,-0.0012175379131011965,1.830078029868801,0.20765116614982837,2.0108276821842708
200,9.01853774913002,3.9160713831534673,9.603406830759402,5.403748380950735,10.051200000000014,5.958699999999999,10.511611608626598,4.964143423574634,11.092199937555993,4.5013235983497895,-0.27726186206661474,2.0207629044886453,-0.25603274639547857,2.4051863692159148,0.16,1.795,0.155116406211242,1.827622019259687,0.20431509162338912,1.8619714671544934
